DATAFLOW,LAST UPDATE,freq,nutrient,unit,geo,TIME_PERIOD,OBS_VALUE,OBS_FLAG
ESTAT:TAI01(1.0),08/02/21 23:00:00,A,K,T,AT,2008,12000,
ESTAT:TAI01(1.0),08/02/21 23:00:00,A,K,T,AT,2009,19000,
ESTAT:TAI01(1.0),08/02/21 23:00:00,A,K,T,AT,2010,28000,
ESTAT:TAI01(1.0),08/02/21 23:00:00,A,K,T,AT,2011,27000,
ESTAT:TAI01(1.0),08/02/21 23:00:00,A,K,T,AT,2012,29000,
ESTAT:TAI01(1.0),08/02/21 23:00:00,A,K,T,AT,2013,29478,
ESTAT:TAI01(1.0),08/02/21 23:00:00,A,K,T,AT,2014,31519,
ESTAT:TAI01(1.0),08/02/21 23:00:00,A,K,T,AT,2015,28769,
ESTAT:TAI01(1.0),08/02/21 23:00:00,A,K,T,AT,2016,31302,
ESTAT:TAI01(1.0),08/02/21 23:00:00,A,K,T,AT,2017,29086,
ESTAT:TAI01(1.0),08/02/21 23:00:00,A,K,T,AT,2018,28937,
ESTAT:TAI01(1.0),08/02/21 23:00:00,A,K,T,AT,2019,28218,p
ESTAT:TAI01(1.0),08/02/21 23:00:00,A,N,T,AT,2008,87000,
ESTAT:TAI01(1.0),08/02/21 23:00:00,A,N,T,AT,2009,91000,
ESTAT:TAI01(1.0),08/02/21 23:00:00,A,N,T,AT,2010,117000,
ESTAT:TAI01(1.0),08/02/21 23:00:00,A,N,T,AT,2011,98000,
ESTAT:TAI01(1.0),08/02/21 23:00:00,A,N,T,AT,2012,106000,
ESTAT:TAI01(1.0),08/02/21 23:00:00,A,N,T,AT,2013,108558,
ESTAT:TAI01(1.0),08/02/21 23:00:00,A,N,T,AT,2014,115715,
ESTAT:TAI01(1.0),08/02/21 23:00:00,A,N,T,AT,2015,120426,
ESTAT:TAI01(1.0),08/02/21 23:00:00,A,N,T,AT,2016,117840,
ESTAT:TAI01(1.0),08/02/21 23:00:00,A,N,T,AT,2017,112592,
ESTAT:TAI01(1.0),08/02/21 23:00:00,A,N,T,AT,2018,103294,
ESTAT:TAI01(1.0),08/02/21 23:00:00,A,N,T,AT,2019,104953,p
ESTAT:TAI01(1.0),08/02/21 23:00:00,A,P,T,AT,2008,8000,
ESTAT:TAI01(1.0),08/02/21 23:00:00,A,P,T,AT,2009,10000,
ESTAT:TAI01(1.0),08/02/21 23:00:00,A,P,T,AT,2010,13000,
ESTAT:TAI01(1.0),08/02/21 23:00:00,A,P,T,AT,2011,11000,
ESTAT:TAI01(1.0),08/02/21 23:00:00,A,P,T,AT,2012,13000,
ESTAT:TAI01(1.0),08/02/21 23:00:00,A,P,T,AT,2013,17261,
ESTAT:TAI01(1.0),08/02/21 23:00:00,A,P,T,AT,2014,18212,
ESTAT:TAI01(1.0),08/02/21 23:00:00,A,P,T,AT,2015,17338,
ESTAT:TAI01(1.0),08/02/21 23:00:00,A,P,T,AT,2016,14104,
ESTAT:TAI01(1.0),08/02/21 23:00:00,A,P,T,AT,2017,12539,
ESTAT:TAI01(1.0),08/02/21 23:00:00,A,P,T,AT,2018,12854,
ESTAT:TAI01(1.0),08/02/21 23:00:00,A,P,T,AT,2019,12932,p
ESTAT:TAI01(1.0),08/02/21 23:00:00,A,K,T,BG,2008,9000,
ESTAT:TAI01(1.0),08/02/21 23:00:00,A,K,T,BG,2009,17000,
ESTAT:TAI01(1.0),08/02/21 23:00:00,A,K,T,BG,2010,15000,
ESTAT:TAI01(1.0),08/02/21 23:00:00,A,K,T,BG,2011,13000,
ESTAT:TAI01(1.0),08/02/21 23:00:00,A,K,T,BG,2012,20000,
ESTAT:TAI01(1.0),08/02/21 23:00:00,A,K,T,BG,2013,29210,
ESTAT:TAI01(1.0),08/02/21 23:00:00,A,K,T,BG,2014,23599,
ESTAT:TAI01(1.0),08/02/21 23:00:00,A,K,T,BG,2015,27156,
ESTAT:TAI01(1.0),08/02/21 23:00:00,A,K,T,BG,2016,28233,
ESTAT:TAI01(1.0),08/02/21 23:00:00,A,K,T,BG,2017,30671,
ESTAT:TAI01(1.0),08/02/21 23:00:00,A,K,T,BG,2018,35664,
ESTAT:TAI01(1.0),08/02/21 23:00:00,A,K,T,BG,2019,35664,p
ESTAT:TAI01(1.0),08/02/21 23:00:00,A,N,T,BG,2008,178000,
ESTAT:TAI01(1.0),08/02/21 23:00:00,A,N,T,BG,2009,199000,
ESTAT:TAI01(1.0),08/02/21 23:00:00,A,N,T,BG,2010,187000,
ESTAT:TAI01(1.0),08/02/21 23:00:00,A,N,T,BG,2011,191000,
ESTAT:TAI01(1.0),08/02/21 23:00:00,A,N,T,BG,2012,245000,
ESTAT:TAI01(1.0),08/02/21 23:00:00,A,N,T,BG,2013,292381,
ESTAT:TAI01(1.0),08/02/21 23:00:00,A,N,T,BG,2014,296591,
ESTAT:TAI01(1.0),08/02/21 23:00:00,A,N,T,BG,2015,329546,
ESTAT:TAI01(1.0),08/02/21 23:00:00,A,N,T,BG,2016,333620,
ESTAT:TAI01(1.0),08/02/21 23:00:00,A,N,T,BG,2017,349387,
ESTAT:TAI01(1.0),08/02/21 23:00:00,A,N,T,BG,2018,349937,
ESTAT:TAI01(1.0),08/02/21 23:00:00,A,N,T,BG,2019,349937,p
ESTAT:TAI01(1.0),08/02/21 23:00:00,A,P,T,BG,2008,8000,
ESTAT:TAI01(1.0),08/02/21 23:00:00,A,P,T,BG,2009,15000,
ESTAT:TAI01(1.0),08/02/21 23:00:00,A,P,T,BG,2010,16000,
ESTAT:TAI01(1.0),08/02/21 23:00:00,A,P,T,BG,2011,14000,
ESTAT:TAI01(1.0),08/02/21 23:00:00,A,P,T,BG,2012,21000,
ESTAT:TAI01(1.0),08/02/21 23:00:00,A,P,T,BG,2013,22758,
ESTAT:TAI01(1.0),08/02/21 23:00:00,A,P,T,BG,2014,23694,
ESTAT:TAI01(1.0),08/02/21 23:00:00,A,P,T,BG,2015,28787,
ESTAT:TAI01(1.0),08/02/21 23:00:00,A,P,T,BG,2016,28481,
ESTAT:TAI01(1.0),08/02/21 23:00:00,A,P,T,BG,2017,30390,
ESTAT:TAI01(1.0),08/02/21 23:00:00,A,P,T,BG,2018,32702,
ESTAT:TAI01(1.0),08/02/21 23:00:00,A,P,T,BG,2019,32702,p
ESTAT:TAI01(1.0),08/02/21 23:00:00,A,K,T,BLEU,2008,32000,
ESTAT:TAI01(1.0),08/02/21 23:00:00,A,K,T,BLEU,2009,49000,
ESTAT:TAI01(1.0),08/02/21 23:00:00,A,K,T,BLEU,2010,61000,
ESTAT:TAI01(1.0),08/02/21 23:00:00,A,K,T,BLEU,2011,60000,
ESTAT:TAI01(1.0),08/02/21 23:00:00,A,K,T,BLEU,2012,62000,
ESTAT:TAI01(1.0),08/02/21 23:00:00,A,K,T,BLEU,2013,59232,
ESTAT:TAI01(1.0),08/02/21 23:00:00,A,K,T,BLEU,2014,47318,
ESTAT:TAI01(1.0),08/02/21 23:00:00,A,K,T,BLEU,2015,49273,
ESTAT:TAI01(1.0),08/02/21 23:00:00,A,K,T,BLEU,2016,50795,
ESTAT:TAI01(1.0),08/02/21 23:00:00,A,K,T,BLEU,2017,51000,
ESTAT:TAI01(1.0),08/02/21 23:00:00,A,K,T,BLEU,2018,51532,
ESTAT:TAI01(1.0),08/02/21 23:00:00,A,K,T,BLEU,2019,51347,p
ESTAT:TAI01(1.0),08/02/21 23:00:00,A,N,T,BLEU,2008,150000,
ESTAT:TAI01(1.0),08/02/21 23:00:00,A,N,T,BLEU,2009,169000,
ESTAT:TAI01(1.0),08/02/21 23:00:00,A,N,T,BLEU,2010,185000,
ESTAT:TAI01(1.0),08/02/21 23:00:00,A,N,T,BLEU,2011,181000,
ESTAT:TAI01(1.0),08/02/21 23:00:00,A,N,T,BLEU,2012,179000,
ESTAT:TAI01(1.0),08/02/21 23:00:00,A,N,T,BLEU,2013,180780,
ESTAT:TAI01(1.0),08/02/21 23:00:00,A,N,T,BLEU,2014,188606,
ESTAT:TAI01(1.0),08/02/21 23:00:00,A,N,T,BLEU,2015,190205,
ESTAT:TAI01(1.0),08/02/21 23:00:00,A,N,T,BLEU,2016,185557,
ESTAT:TAI01(1.0),08/02/21 23:00:00,A,N,T,BLEU,2017,185878,
ESTAT:TAI01(1.0),08/02/21 23:00:00,A,N,T,BLEU,2018,187836,
ESTAT:TAI01(1.0),08/02/21 23:00:00,A,N,T,BLEU,2019,188820,p
ESTAT:TAI01(1.0),08/02/21 23:00:00,A,P,T,BLEU,2008,7000,
ESTAT:TAI01(1.0),08/02/21 23:00:00,A,P,T,BLEU,2009,11000,
ESTAT:TAI01(1.0),08/02/21 23:00:00,A,P,T,BLEU,2010,13000,
ESTAT:TAI01(1.0),08/02/21 23:00:00,A,P,T,BLEU,2011,11000,
ESTAT:TAI01(1.0),08/02/21 23:00:00,A,P,T,BLEU,2012,11000,
ESTAT:TAI01(1.0),08/02/21 23:00:00,A,P,T,BLEU,2013,11159,
ESTAT:TAI01(1.0),08/02/21 23:00:00,A,P,T,BLEU,2014,7797,
ESTAT:TAI01(1.0),08/02/21 23:00:00,A,P,T,BLEU,2015,8326,
ESTAT:TAI01(1.0),08/02/21 23:00:00,A,P,T,BLEU,2016,8680,
ESTAT:TAI01(1.0),08/02/21 23:00:00,A,P,T,BLEU,2017,8703,
ESTAT:TAI01(1.0),08/02/21 23:00:00,A,P,T,BLEU,2018,8853,
ESTAT:TAI01(1.0),08/02/21 23:00:00,A,P,T,BLEU,2019,8736,p
ESTAT:TAI01(1.0),08/02/21 23:00:00,A,K,T,CY,2008,1000,
ESTAT:TAI01(1.0),08/02/21 23:00:00,A,K,T,CY,2009,2000,
ESTAT:TAI01(1.0),08/02/21 23:00:00,A,K,T,CY,2010,2000,
ESTAT:TAI01(1.0),08/02/21 23:00:00,A,K,T,CY,2011,2000,
ESTAT:TAI01(1.0),08/02/21 23:00:00,A,K,T,CY,2012,2000,
ESTAT:TAI01(1.0),08/02/21 23:00:00,A,K,T,CY,2013,1369,
ESTAT:TAI01(1.0),08/02/21 23:00:00,A,K,T,CY,2014,1369,
ESTAT:TAI01(1.0),08/02/21 23:00:00,A,K,T,CY,2015,1369,
ESTAT:TAI01(1.0),08/02/21 23:00:00,A,K,T,CY,2016,1369,
ESTAT:TAI01(1.0),08/02/21 23:00:00,A,K,T,CY,2017,1370,
ESTAT:TAI01(1.0),08/02/21 23:00:00,A,K,T,CY,2018,1370,
ESTAT:TAI01(1.0),08/02/21 23:00:00,A,K,T,CY,2019,1370,p
ESTAT:TAI01(1.0),08/02/21 23:00:00,A,N,T,CY,2008,4000,
ESTAT:TAI01(1.0),08/02/21 23:00:00,A,N,T,CY,2009,5000,
ESTAT:TAI01(1.0),08/02/21 23:00:00,A,N,T,CY,2010,4000,
ESTAT:TAI01(1.0),08/02/21 23:00:00,A,N,T,CY,2011,4000,
ESTAT:TAI01(1.0),08/02/21 23:00:00,A,N,T,CY,2012,4000,
ESTAT:TAI01(1.0),08/02/21 23:00:00,A,N,T,CY,2013,4155,
ESTAT:TAI01(1.0),08/02/21 23:00:00,A,N,T,CY,2014,4155,
ESTAT:TAI01(1.0),08/02/21 23:00:00,A,N,T,CY,2015,4155,
ESTAT:TAI01(1.0),08/02/21 23:00:00,A,N,T,CY,2016,4155,
ESTAT:TAI01(1.0),08/02/21 23:00:00,A,N,T,CY,2017,4155,
ESTAT:TAI01(1.0),08/02/21 23:00:00,A,N,T,CY,2018,4155,
ESTAT:TAI01(1.0),08/02/21 23:00:00,A,N,T,CY,2019,4155,p
ESTAT:TAI01(1.0),08/02/21 23:00:00,A,P,T,CY,2008,1000,
ESTAT:TAI01(1.0),08/02/21 23:00:00,A,P,T,CY,2009,1000,
ESTAT:TAI01(1.0),08/02/21 23:00:00,A,P,T,CY,2010,1000,
ESTAT:TAI01(1.0),08/02/21 23:00:00,A,P,T,CY,2011,1000,
ESTAT:TAI01(1.0),08/02/21 23:00:00,A,P,T,CY,2012,1000,
ESTAT:TAI01(1.0),08/02/21 23:00:00,A,P,T,CY,2013,801,
ESTAT:TAI01(1.0),08/02/21 23:00:00,A,P,T,CY,2014,801,
ESTAT:TAI01(1.0),08/02/21 23:00:00,A,P,T,CY,2015,801,
ESTAT:TAI01(1.0),08/02/21 23:00:00,A,P,T,CY,2016,801,
ESTAT:TAI01(1.0),08/02/21 23:00:00,A,P,T,CY,2017,801,
ESTAT:TAI01(1.0),08/02/21 23:00:00,A,P,T,CY,2018,943,
ESTAT:TAI01(1.0),08/02/21 23:00:00,A,P,T,CY,2019,943,p
ESTAT:TAI01(1.0),08/02/21 23:00:00,A,K,T,CZ,2008,19000,
ESTAT:TAI01(1.0),08/02/21 23:00:00,A,K,T,CZ,2009,21000,
ESTAT:TAI01(1.0),08/02/21 23:00:00,A,K,T,CZ,2010,32000,
ESTAT:TAI01(1.0),08/02/21 23:00:00,A,K,T,CZ,2011,27000,
ESTAT:TAI01(1.0),08/02/21 23:00:00,A,K,T,CZ,2012,29000,
ESTAT:TAI01(1.0),08/02/21 23:00:00,A,K,T,CZ,2013,23950,
ESTAT:TAI01(1.0),08/02/21 23:00:00,A,K,T,CZ,2014,26745,
ESTAT:TAI01(1.0),08/02/21 23:00:00,A,K,T,CZ,2015,29277,
ESTAT:TAI01(1.0),08/02/21 23:00:00,A,K,T,CZ,2016,29013,
ESTAT:TAI01(1.0),08/02/21 23:00:00,A,K,T,CZ,2017,27928,
ESTAT:TAI01(1.0),08/02/21 23:00:00,A,K,T,CZ,2018,21426,
ESTAT:TAI01(1.0),08/02/21 23:00:00,A,K,T,CZ,2019,23708,p
ESTAT:TAI01(1.0),08/02/21 23:00:00,A,N,T,CZ,2008,236000,
ESTAT:TAI01(1.0),08/02/21 23:00:00,A,N,T,CZ,2009,246000,
ESTAT:TAI01(1.0),08/02/21 23:00:00,A,N,T,CZ,2010,268000,
ESTAT:TAI01(1.0),08/02/21 23:00:00,A,N,T,CZ,2011,295000,
ESTAT:TAI01(1.0),08/02/21 23:00:00,A,N,T,CZ,2012,298000,
ESTAT:TAI01(1.0),08/02/21 23:00:00,A,N,T,CZ,2013,335213,
ESTAT:TAI01(1.0),08/02/21 23:00:00,A,N,T,CZ,2014,334431,
ESTAT:TAI01(1.0),08/02/21 23:00:00,A,N,T,CZ,2015,344690,
ESTAT:TAI01(1.0),08/02/21 23:00:00,A,N,T,CZ,2016,350035,
ESTAT:TAI01(1.0),08/02/21 23:00:00,A,N,T,CZ,2017,354988,
ESTAT:TAI01(1.0),08/02/21 23:00:00,A,N,T,CZ,2018,329184,
ESTAT:TAI01(1.0),08/02/21 23:00:00,A,N,T,CZ,2019,334453,p
ESTAT:TAI01(1.0),08/02/21 23:00:00,A,P,T,CZ,2008,11000,
ESTAT:TAI01(1.0),08/02/21 23:00:00,A,P,T,CZ,2009,14000,
ESTAT:TAI01(1.0),08/02/21 23:00:00,A,P,T,CZ,2010,18000,
ESTAT:TAI01(1.0),08/02/21 23:00:00,A,P,T,CZ,2011,15000,
ESTAT:TAI01(1.0),08/02/21 23:00:00,A,P,T,CZ,2012,19000,
ESTAT:TAI01(1.0),08/02/21 23:00:00,A,P,T,CZ,2013,17784,
ESTAT:TAI01(1.0),08/02/21 23:00:00,A,P,T,CZ,2014,17410,
ESTAT:TAI01(1.0),08/02/21 23:00:00,A,P,T,CZ,2015,17963,
ESTAT:TAI01(1.0),08/02/21 23:00:00,A,P,T,CZ,2016,23173,
ESTAT:TAI01(1.0),08/02/21 23:00:00,A,P,T,CZ,2017,22970,
ESTAT:TAI01(1.0),08/02/21 23:00:00,A,P,T,CZ,2018,22637,
ESTAT:TAI01(1.0),08/02/21 23:00:00,A,P,T,CZ,2019,23470,p
ESTAT:TAI01(1.0),08/02/21 23:00:00,A,K,T,DE,2008,148000,
ESTAT:TAI01(1.0),08/02/21 23:00:00,A,K,T,DE,2009,301000,
ESTAT:TAI01(1.0),08/02/21 23:00:00,A,K,T,DE,2010,360000,
ESTAT:TAI01(1.0),08/02/21 23:00:00,A,K,T,DE,2011,320000,
ESTAT:TAI01(1.0),08/02/21 23:00:00,A,K,T,DE,2012,331000,
ESTAT:TAI01(1.0),08/02/21 23:00:00,A,K,T,DE,2013,379653,
ESTAT:TAI01(1.0),08/02/21 23:00:00,A,K,T,DE,2014,381627,
ESTAT:TAI01(1.0),08/02/21 23:00:00,A,K,T,DE,2015,333876,
ESTAT:TAI01(1.0),08/02/21 23:00:00,A,K,T,DE,2016,335121,
ESTAT:TAI01(1.0),08/02/21 23:00:00,A,K,T,DE,2017,343344,
ESTAT:TAI01(1.0),08/02/21 23:00:00,A,K,T,DE,2018,336779,
ESTAT:TAI01(1.0),08/02/21 23:00:00,A,K,T,DE,2019,343080,p
ESTAT:TAI01(1.0),08/02/21 23:00:00,A,N,T,DE,2008,1551000,
ESTAT:TAI01(1.0),08/02/21 23:00:00,A,N,T,DE,2009,1569000,
ESTAT:TAI01(1.0),08/02/21 23:00:00,A,N,T,DE,2010,1785000,
ESTAT:TAI01(1.0),08/02/21 23:00:00,A,N,T,DE,2011,1640000,
ESTAT:TAI01(1.0),08/02/21 23:00:00,A,N,T,DE,2012,1600000,
ESTAT:TAI01(1.0),08/02/21 23:00:00,A,N,T,DE,2013,1675110,
ESTAT:TAI01(1.0),08/02/21 23:00:00,A,N,T,DE,2014,1822099,
ESTAT:TAI01(1.0),08/02/21 23:00:00,A,N,T,DE,2015,1558502,
ESTAT:TAI01(1.0),08/02/21 23:00:00,A,N,T,DE,2016,1563802,
ESTAT:TAI01(1.0),08/02/21 23:00:00,A,N,T,DE,2017,1520702,
ESTAT:TAI01(1.0),08/02/21 23:00:00,A,N,T,DE,2018,1315010,
ESTAT:TAI01(1.0),08/02/21 23:00:00,A,N,T,DE,2019,1344325,p
ESTAT:TAI01(1.0),08/02/21 23:00:00,A,P,T,DE,2008,76000,
ESTAT:TAI01(1.0),08/02/21 23:00:00,A,P,T,DE,2009,103000,
ESTAT:TAI01(1.0),08/02/21 23:00:00,A,P,T,DE,2010,125000,
ESTAT:TAI01(1.0),08/02/21 23:00:00,A,P,T,DE,2011,108000,
ESTAT:TAI01(1.0),08/02/21 23:00:00,A,P,T,DE,2012,100000,
ESTAT:TAI01(1.0),08/02/21 23:00:00,A,P,T,DE,2013,124022,
ESTAT:TAI01(1.0),08/02/21 23:00:00,A,P,T,DE,2014,131587,
ESTAT:TAI01(1.0),08/02/21 23:00:00,A,P,T,DE,2015,103454,
ESTAT:TAI01(1.0),08/02/21 23:00:00,A,P,T,DE,2016,103803,
ESTAT:TAI01(1.0),08/02/21 23:00:00,A,P,T,DE,2017,95117,
ESTAT:TAI01(1.0),08/02/21 23:00:00,A,P,T,DE,2018,92133,
ESTAT:TAI01(1.0),08/02/21 23:00:00,A,P,T,DE,2019,92194,p
ESTAT:TAI01(1.0),08/02/21 23:00:00,A,K,T,DK,2008,27000,
ESTAT:TAI01(1.0),08/02/21 23:00:00,A,K,T,DK,2009,42000,
ESTAT:TAI01(1.0),08/02/21 23:00:00,A,K,T,DK,2010,40000,
ESTAT:TAI01(1.0),08/02/21 23:00:00,A,K,T,DK,2011,39000,
ESTAT:TAI01(1.0),08/02/21 23:00:00,A,K,T,DK,2012,39000,
ESTAT:TAI01(1.0),08/02/21 23:00:00,A,K,T,DK,2013,51436,
ESTAT:TAI01(1.0),08/02/21 23:00:00,A,K,T,DK,2014,52971,
ESTAT:TAI01(1.0),08/02/21 23:00:00,A,K,T,DK,2015,52917,
ESTAT:TAI01(1.0),08/02/21 23:00:00,A,K,T,DK,2016,53232,
ESTAT:TAI01(1.0),08/02/21 23:00:00,A,K,T,DK,2017,53870,
ESTAT:TAI01(1.0),08/02/21 23:00:00,A,K,T,DK,2018,54937,
ESTAT:TAI01(1.0),08/02/21 23:00:00,A,K,T,DK,2019,54597,p
ESTAT:TAI01(1.0),08/02/21 23:00:00,A,N,T,DK,2008,190000,
ESTAT:TAI01(1.0),08/02/21 23:00:00,A,N,T,DK,2009,190000,
ESTAT:TAI01(1.0),08/02/21 23:00:00,A,N,T,DK,2010,197000,
ESTAT:TAI01(1.0),08/02/21 23:00:00,A,N,T,DK,2011,187000,
ESTAT:TAI01(1.0),08/02/21 23:00:00,A,N,T,DK,2012,189000,
ESTAT:TAI01(1.0),08/02/21 23:00:00,A,N,T,DK,2013,186794,
ESTAT:TAI01(1.0),08/02/21 23:00:00,A,N,T,DK,2014,204668,
ESTAT:TAI01(1.0),08/02/21 23:00:00,A,N,T,DK,2015,225054,
ESTAT:TAI01(1.0),08/02/21 23:00:00,A,N,T,DK,2016,228139,
ESTAT:TAI01(1.0),08/02/21 23:00:00,A,N,T,DK,2017,224759,
ESTAT:TAI01(1.0),08/02/21 23:00:00,A,N,T,DK,2018,230203,
ESTAT:TAI01(1.0),08/02/21 23:00:00,A,N,T,DK,2019,225646,p
ESTAT:TAI01(1.0),08/02/21 23:00:00,A,P,T,DK,2008,7000,
ESTAT:TAI01(1.0),08/02/21 23:00:00,A,P,T,DK,2009,11000,
ESTAT:TAI01(1.0),08/02/21 23:00:00,A,P,T,DK,2010,10000,
ESTAT:TAI01(1.0),08/02/21 23:00:00,A,P,T,DK,2011,10000,
ESTAT:TAI01(1.0),08/02/21 23:00:00,A,P,T,DK,2012,10000,
ESTAT:TAI01(1.0),08/02/21 23:00:00,A,P,T,DK,2013,13601,
ESTAT:TAI01(1.0),08/02/21 23:00:00,A,P,T,DK,2014,13985,
ESTAT:TAI01(1.0),08/02/21 23:00:00,A,P,T,DK,2015,14449,
ESTAT:TAI01(1.0),08/02/21 23:00:00,A,P,T,DK,2016,14839,
ESTAT:TAI01(1.0),08/02/21 23:00:00,A,P,T,DK,2017,14235,
ESTAT:TAI01(1.0),08/02/21 23:00:00,A,P,T,DK,2018,14132,
ESTAT:TAI01(1.0),08/02/21 23:00:00,A,P,T,DK,2019,14365,p
ESTAT:TAI01(1.0),08/02/21 23:00:00,A,K,T,EE,2008,8000,
ESTAT:TAI01(1.0),08/02/21 23:00:00,A,K,T,EE,2009,9000,
ESTAT:TAI01(1.0),08/02/21 23:00:00,A,K,T,EE,2010,7000,
ESTAT:TAI01(1.0),08/02/21 23:00:00,A,K,T,EE,2011,11000,
ESTAT:TAI01(1.0),08/02/21 23:00:00,A,K,T,EE,2012,12000,
ESTAT:TAI01(1.0),08/02/21 23:00:00,A,K,T,EE,2013,10807,
ESTAT:TAI01(1.0),08/02/21 23:00:00,A,K,T,EE,2014,10697,
ESTAT:TAI01(1.0),08/02/21 23:00:00,A,K,T,EE,2015,16448,
ESTAT:TAI01(1.0),08/02/21 23:00:00,A,K,T,EE,2016,14697,
ESTAT:TAI01(1.0),08/02/21 23:00:00,A,K,T,EE,2017,16421,
ESTAT:TAI01(1.0),08/02/21 23:00:00,A,K,T,EE,2018,16686,
ESTAT:TAI01(1.0),08/02/21 23:00:00,A,K,T,EE,2019,17218,p
ESTAT:TAI01(1.0),08/02/21 23:00:00,A,N,T,EE,2008,31000,
ESTAT:TAI01(1.0),08/02/21 23:00:00,A,N,T,EE,2009,35000,
ESTAT:TAI01(1.0),08/02/21 23:00:00,A,N,T,EE,2010,37000,
ESTAT:TAI01(1.0),08/02/21 23:00:00,A,N,T,EE,2011,39000,
ESTAT:TAI01(1.0),08/02/21 23:00:00,A,N,T,EE,2012,41000,
ESTAT:TAI01(1.0),08/02/21 23:00:00,A,N,T,EE,2013,48895,
ESTAT:TAI01(1.0),08/02/21 23:00:00,A,N,T,EE,2014,50925,
ESTAT:TAI01(1.0),08/02/21 23:00:00,A,N,T,EE,2015,59730,
ESTAT:TAI01(1.0),08/02/21 23:00:00,A,N,T,EE,2016,53775,
ESTAT:TAI01(1.0),08/02/21 23:00:00,A,N,T,EE,2017,55185,
ESTAT:TAI01(1.0),08/02/21 23:00:00,A,N,T,EE,2018,58450,
ESTAT:TAI01(1.0),08/02/21 23:00:00,A,N,T,EE,2019,62550,p
ESTAT:TAI01(1.0),08/02/21 23:00:00,A,P,T,EE,2008,3000,
ESTAT:TAI01(1.0),08/02/21 23:00:00,A,P,T,EE,2009,3000,
ESTAT:TAI01(1.0),08/02/21 23:00:00,A,P,T,EE,2010,3000,
ESTAT:TAI01(1.0),08/02/21 23:00:00,A,P,T,EE,2011,3000,
ESTAT:TAI01(1.0),08/02/21 23:00:00,A,P,T,EE,2012,3000,
ESTAT:TAI01(1.0),08/02/21 23:00:00,A,P,T,EE,2013,4534,
ESTAT:TAI01(1.0),08/02/21 23:00:00,A,P,T,EE,2014,4720,
ESTAT:TAI01(1.0),08/02/21 23:00:00,A,P,T,EE,2015,5032,
ESTAT:TAI01(1.0),08/02/21 23:00:00,A,P,T,EE,2016,4116,
ESTAT:TAI01(1.0),08/02/21 23:00:00,A,P,T,EE,2017,5283,
ESTAT:TAI01(1.0),08/02/21 23:00:00,A,P,T,EE,2018,4905,
ESTAT:TAI01(1.0),08/02/21 23:00:00,A,P,T,EE,2019,6071,p
ESTAT:TAI01(1.0),08/02/21 23:00:00,A,K,T,EL,2008,33000,
ESTAT:TAI01(1.0),08/02/21 23:00:00,A,K,T,EL,2009,46000,
ESTAT:TAI01(1.0),08/02/21 23:00:00,A,K,T,EL,2010,40000,
ESTAT:TAI01(1.0),08/02/21 23:00:00,A,K,T,EL,2011,34000,
ESTAT:TAI01(1.0),08/02/21 23:00:00,A,K,T,EL,2012,38000,
ESTAT:TAI01(1.0),08/02/21 23:00:00,A,K,T,EL,2013,38674,
ESTAT:TAI01(1.0),08/02/21 23:00:00,A,K,T,EL,2014,35031,
ESTAT:TAI01(1.0),08/02/21 23:00:00,A,K,T,EL,2015,34718,
ESTAT:TAI01(1.0),08/02/21 23:00:00,A,K,T,EL,2016,36413,
ESTAT:TAI01(1.0),08/02/21 23:00:00,A,K,T,EL,2017,37963,
ESTAT:TAI01(1.0),08/02/21 23:00:00,A,K,T,EL,2018,41402,
ESTAT:TAI01(1.0),08/02/21 23:00:00,A,K,T,EL,2019,43121,p
ESTAT:TAI01(1.0),08/02/21 23:00:00,A,N,T,EL,2008,149000,
ESTAT:TAI01(1.0),08/02/21 23:00:00,A,N,T,EL,2009,181000,
ESTAT:TAI01(1.0),08/02/21 23:00:00,A,N,T,EL,2010,196000,
ESTAT:TAI01(1.0),08/02/21 23:00:00,A,N,T,EL,2011,174000,
ESTAT:TAI01(1.0),08/02/21 23:00:00,A,N,T,EL,2012,176000,
ESTAT:TAI01(1.0),08/02/21 23:00:00,A,N,T,EL,2013,189208,
ESTAT:TAI01(1.0),08/02/21 23:00:00,A,N,T,EL,2014,179850,
ESTAT:TAI01(1.0),08/02/21 23:00:00,A,N,T,EL,2015,164463,
ESTAT:TAI01(1.0),08/02/21 23:00:00,A,N,T,EL,2016,173123,
ESTAT:TAI01(1.0),08/02/21 23:00:00,A,N,T,EL,2017,178263,
ESTAT:TAI01(1.0),08/02/21 23:00:00,A,N,T,EL,2018,177504,
ESTAT:TAI01(1.0),08/02/21 23:00:00,A,N,T,EL,2019,183484,p
ESTAT:TAI01(1.0),08/02/21 23:00:00,A,P,T,EL,2008,28000,
ESTAT:TAI01(1.0),08/02/21 23:00:00,A,P,T,EL,2009,33000,
ESTAT:TAI01(1.0),08/02/21 23:00:00,A,P,T,EL,2010,29000,
ESTAT:TAI01(1.0),08/02/21 23:00:00,A,P,T,EL,2011,23000,
ESTAT:TAI01(1.0),08/02/21 23:00:00,A,P,T,EL,2012,24000,
ESTAT:TAI01(1.0),08/02/21 23:00:00,A,P,T,EL,2013,25523,
ESTAT:TAI01(1.0),08/02/21 23:00:00,A,P,T,EL,2014,22547,
ESTAT:TAI01(1.0),08/02/21 23:00:00,A,P,T,EL,2015,22042,
ESTAT:TAI01(1.0),08/02/21 23:00:00,A,P,T,EL,2016,22667,
ESTAT:TAI01(1.0),08/02/21 23:00:00,A,P,T,EL,2017,21903,
ESTAT:TAI01(1.0),08/02/21 23:00:00,A,P,T,EL,2018,22403,
ESTAT:TAI01(1.0),08/02/21 23:00:00,A,P,T,EL,2019,22850,p
ESTAT:TAI01(1.0),08/02/21 23:00:00,A,K,T,ES,2008,156000,
ESTAT:TAI01(1.0),08/02/21 23:00:00,A,K,T,ES,2009,228000,
ESTAT:TAI01(1.0),08/02/21 23:00:00,A,K,T,ES,2010,295000,
ESTAT:TAI01(1.0),08/02/21 23:00:00,A,K,T,ES,2011,245000,
ESTAT:TAI01(1.0),08/02/21 23:00:00,A,K,T,ES,2012,278000,
ESTAT:TAI01(1.0),08/02/21 23:00:00,A,K,T,ES,2013,294308,
ESTAT:TAI01(1.0),08/02/21 23:00:00,A,K,T,ES,2014,300720,
ESTAT:TAI01(1.0),08/02/21 23:00:00,A,K,T,ES,2015,308596,
ESTAT:TAI01(1.0),08/02/21 23:00:00,A,K,T,ES,2016,323032,
ESTAT:TAI01(1.0),08/02/21 23:00:00,A,K,T,ES,2017,328454,
ESTAT:TAI01(1.0),08/02/21 23:00:00,A,K,T,ES,2018,314385,
ESTAT:TAI01(1.0),08/02/21 23:00:00,A,K,T,ES,2019,306687,p
ESTAT:TAI01(1.0),08/02/21 23:00:00,A,N,T,ES,2008,732000,
ESTAT:TAI01(1.0),08/02/21 23:00:00,A,N,T,ES,2009,813000,
ESTAT:TAI01(1.0),08/02/21 23:00:00,A,N,T,ES,2010,965000,
ESTAT:TAI01(1.0),08/02/21 23:00:00,A,N,T,ES,2011,803000,
ESTAT:TAI01(1.0),08/02/21 23:00:00,A,N,T,ES,2012,907000,
ESTAT:TAI01(1.0),08/02/21 23:00:00,A,N,T,ES,2013,1036779,
ESTAT:TAI01(1.0),08/02/21 23:00:00,A,N,T,ES,2014,1015402,
ESTAT:TAI01(1.0),08/02/21 23:00:00,A,N,T,ES,2015,987293,
ESTAT:TAI01(1.0),08/02/21 23:00:00,A,N,T,ES,2016,1019039,
ESTAT:TAI01(1.0),08/02/21 23:00:00,A,N,T,ES,2017,1072862,
ESTAT:TAI01(1.0),08/02/21 23:00:00,A,N,T,ES,2018,1032408,
ESTAT:TAI01(1.0),08/02/21 23:00:00,A,N,T,ES,2019,980386,p
ESTAT:TAI01(1.0),08/02/21 23:00:00,A,P,T,ES,2008,69000,
ESTAT:TAI01(1.0),08/02/21 23:00:00,A,P,T,ES,2009,141000,
ESTAT:TAI01(1.0),08/02/21 23:00:00,A,P,T,ES,2010,170000,
ESTAT:TAI01(1.0),08/02/21 23:00:00,A,P,T,ES,2011,156000,
ESTAT:TAI01(1.0),08/02/21 23:00:00,A,P,T,ES,2012,169000,
ESTAT:TAI01(1.0),08/02/21 23:00:00,A,P,T,ES,2013,186740,
ESTAT:TAI01(1.0),08/02/21 23:00:00,A,P,T,ES,2014,175689,
ESTAT:TAI01(1.0),08/02/21 23:00:00,A,P,T,ES,2015,169452,
ESTAT:TAI01(1.0),08/02/21 23:00:00,A,P,T,ES,2016,187347,
ESTAT:TAI01(1.0),08/02/21 23:00:00,A,P,T,ES,2017,184754,
ESTAT:TAI01(1.0),08/02/21 23:00:00,A,P,T,ES,2018,195409,
ESTAT:TAI01(1.0),08/02/21 23:00:00,A,P,T,ES,2019,188050,p
ESTAT:TAI01(1.0),08/02/21 23:00:00,A,K,T,EU,2008,1685000,
ESTAT:TAI01(1.0),08/02/21 23:00:00,A,K,T,EU,2009,2023000,
ESTAT:TAI01(1.0),08/02/21 23:00:00,A,K,T,EU,2010,2388000,
ESTAT:TAI01(1.0),08/02/21 23:00:00,A,K,T,EU,2011,2166000,
ESTAT:TAI01(1.0),08/02/21 23:00:00,A,K,T,EU,2012,2250000,
ESTAT:TAI01(1.0),08/02/21 23:00:00,A,K,T,EU,2015,2435773,
ESTAT:TAI01(1.0),08/02/21 23:00:00,A,K,T,EU,2016,2505795,
ESTAT:TAI01(1.0),08/02/21 23:00:00,A,K,T,EU,2017,2561462,e
ESTAT:TAI01(1.0),08/02/21 23:00:00,A,K,T,EU,2018,2580049,e
ESTAT:TAI01(1.0),08/02/21 23:00:00,A,K,T,EU,2019,2584282,e
ESTAT:TAI01(1.0),08/02/21 23:00:00,A,N,T,EU,2008,9744000,
ESTAT:TAI01(1.0),08/02/21 23:00:00,A,N,T,EU,2009,10164000,
ESTAT:TAI01(1.0),08/02/21 23:00:00,A,N,T,EU,2010,10772000,
ESTAT:TAI01(1.0),08/02/21 23:00:00,A,N,T,EU,2011,10387000,
ESTAT:TAI01(1.0),08/02/21 23:00:00,A,N,T,EU,2012,10488000,
ESTAT:TAI01(1.0),08/02/21 23:00:00,A,N,T,EU,2015,11126916,
ESTAT:TAI01(1.0),08/02/21 23:00:00,A,N,T,EU,2016,11522121,
ESTAT:TAI01(1.0),08/02/21 23:00:00,A,N,T,EU,2017,11657687,e
ESTAT:TAI01(1.0),08/02/21 23:00:00,A,N,T,EU,2018,11087845,e
ESTAT:TAI01(1.0),08/02/21 23:00:00,A,N,T,EU,2019,11001675,e
ESTAT:TAI01(1.0),08/02/21 23:00:00,A,P,T,EU,2008,799000,
ESTAT:TAI01(1.0),08/02/21 23:00:00,A,P,T,EU,2009,1004000,
ESTAT:TAI01(1.0),08/02/21 23:00:00,A,P,T,EU,2010,1104000,
ESTAT:TAI01(1.0),08/02/21 23:00:00,A,P,T,EU,2011,1026000,
ESTAT:TAI01(1.0),08/02/21 23:00:00,A,P,T,EU,2012,1082000,
ESTAT:TAI01(1.0),08/02/21 23:00:00,A,P,T,EU,2015,1114418,
ESTAT:TAI01(1.0),08/02/21 23:00:00,A,P,T,EU,2016,1177453,
ESTAT:TAI01(1.0),08/02/21 23:00:00,A,P,T,EU,2017,1186290,e
ESTAT:TAI01(1.0),08/02/21 23:00:00,A,P,T,EU,2018,1189927,e
ESTAT:TAI01(1.0),08/02/21 23:00:00,A,P,T,EU,2019,1192576,e
ESTAT:TAI01(1.0),08/02/21 23:00:00,A,K,T,EU27_2020,2015,2205356,
ESTAT:TAI01(1.0),08/02/21 23:00:00,A,K,T,EU27_2020,2016,2274167,
ESTAT:TAI01(1.0),08/02/21 23:00:00,A,K,T,EU27_2020,2017,2342899,e
ESTAT:TAI01(1.0),08/02/21 23:00:00,A,K,T,EU27_2020,2018,2359326,e
ESTAT:TAI01(1.0),08/02/21 23:00:00,A,K,T,EU27_2020,2019,2370644,e
ESTAT:TAI01(1.0),08/02/21 23:00:00,A,N,T,EU27_2020,2015,10103273,
ESTAT:TAI01(1.0),08/02/21 23:00:00,A,N,T,EU27_2020,2016,10487120,
ESTAT:TAI01(1.0),08/02/21 23:00:00,A,N,T,EU27_2020,2017,10626912,e
ESTAT:TAI01(1.0),08/02/21 23:00:00,A,N,T,EU27_2020,2018,10050923,e
ESTAT:TAI01(1.0),08/02/21 23:00:00,A,N,T,EU27_2020,2019,10039260,e
ESTAT:TAI01(1.0),08/02/21 23:00:00,A,P,T,EU27_2020,2015,1027986,
ESTAT:TAI01(1.0),08/02/21 23:00:00,A,P,T,EU27_2020,2016,1091983,
ESTAT:TAI01(1.0),08/02/21 23:00:00,A,P,T,EU27_2020,2017,1103969,e
ESTAT:TAI01(1.0),08/02/21 23:00:00,A,P,T,EU27_2020,2018,1108807,e
ESTAT:TAI01(1.0),08/02/21 23:00:00,A,P,T,EU27_2020,2019,1114543,e
ESTAT:TAI01(1.0),08/02/21 23:00:00,A,K,T,EU28,2015,2435773,
ESTAT:TAI01(1.0),08/02/21 23:00:00,A,K,T,EU28,2016,2505795,
ESTAT:TAI01(1.0),08/02/21 23:00:00,A,K,T,EU28,2017,2490239,p
ESTAT:TAI01(1.0),08/02/21 23:00:00,A,N,T,EU28,2015,11126916,
ESTAT:TAI01(1.0),08/02/21 23:00:00,A,N,T,EU28,2016,11522121,
ESTAT:TAI01(1.0),08/02/21 23:00:00,A,N,T,EU28,2017,11311026,p
ESTAT:TAI01(1.0),08/02/21 23:00:00,A,P,T,EU28,2015,1114418,
ESTAT:TAI01(1.0),08/02/21 23:00:00,A,P,T,EU28,2016,1177453,
ESTAT:TAI01(1.0),08/02/21 23:00:00,A,P,T,EU28,2017,1164431,p
ESTAT:TAI01(1.0),08/02/21 23:00:00,A,K,T,FI,2008,29000,
ESTAT:TAI01(1.0),08/02/21 23:00:00,A,K,T,FI,2009,35000,
ESTAT:TAI01(1.0),08/02/21 23:00:00,A,K,T,FI,2010,33000,
ESTAT:TAI01(1.0),08/02/21 23:00:00,A,K,T,FI,2011,30000,
ESTAT:TAI01(1.0),08/02/21 23:00:00,A,K,T,FI,2012,29000,
ESTAT:TAI01(1.0),08/02/21 23:00:00,A,K,T,FI,2013,28861,
ESTAT:TAI01(1.0),08/02/21 23:00:00,A,K,T,FI,2014,29349,
ESTAT:TAI01(1.0),08/02/21 23:00:00,A,K,T,FI,2015,30329,
ESTAT:TAI01(1.0),08/02/21 23:00:00,A,K,T,FI,2016,30874,
ESTAT:TAI01(1.0),08/02/21 23:00:00,A,K,T,FI,2017,31542,
ESTAT:TAI01(1.0),08/02/21 23:00:00,A,K,T,FI,2018,33493,
ESTAT:TAI01(1.0),08/02/21 23:00:00,A,K,T,FI,2019,34084,p
ESTAT:TAI01(1.0),08/02/21 23:00:00,A,N,T,FI,2008,138000,
ESTAT:TAI01(1.0),08/02/21 23:00:00,A,N,T,FI,2009,141000,
ESTAT:TAI01(1.0),08/02/21 23:00:00,A,N,T,FI,2010,142000,
ESTAT:TAI01(1.0),08/02/21 23:00:00,A,N,T,FI,2011,143000,
ESTAT:TAI01(1.0),08/02/21 23:00:00,A,N,T,FI,2012,143000,
ESTAT:TAI01(1.0),08/02/21 23:00:00,A,N,T,FI,2013,145662,
ESTAT:TAI01(1.0),08/02/21 23:00:00,A,N,T,FI,2014,147557,
ESTAT:TAI01(1.0),08/02/21 23:00:00,A,N,T,FI,2015,147934,
ESTAT:TAI01(1.0),08/02/21 23:00:00,A,N,T,FI,2016,149074,
ESTAT:TAI01(1.0),08/02/21 23:00:00,A,N,T,FI,2017,139804,
ESTAT:TAI01(1.0),08/02/21 23:00:00,A,N,T,FI,2018,149181,
ESTAT:TAI01(1.0),08/02/21 23:00:00,A,N,T,FI,2019,149394,p
ESTAT:TAI01(1.0),08/02/21 23:00:00,A,P,T,FI,2008,11000,
ESTAT:TAI01(1.0),08/02/21 23:00:00,A,P,T,FI,2009,13000,
ESTAT:TAI01(1.0),08/02/21 23:00:00,A,P,T,FI,2010,12000,
ESTAT:TAI01(1.0),08/02/21 23:00:00,A,P,T,FI,2011,10000,
ESTAT:TAI01(1.0),08/02/21 23:00:00,A,P,T,FI,2012,10000,
ESTAT:TAI01(1.0),08/02/21 23:00:00,A,P,T,FI,2013,10468,
ESTAT:TAI01(1.0),08/02/21 23:00:00,A,P,T,FI,2014,10053,
ESTAT:TAI01(1.0),08/02/21 23:00:00,A,P,T,FI,2015,9359,
ESTAT:TAI01(1.0),08/02/21 23:00:00,A,P,T,FI,2016,9693,
ESTAT:TAI01(1.0),08/02/21 23:00:00,A,P,T,FI,2017,9620,
ESTAT:TAI01(1.0),08/02/21 23:00:00,A,P,T,FI,2018,10279,
ESTAT:TAI01(1.0),08/02/21 23:00:00,A,P,T,FI,2019,10390,p
ESTAT:TAI01(1.0),08/02/21 23:00:00,A,K,T,FR,2008,333000,
ESTAT:TAI01(1.0),08/02/21 23:00:00,A,K,T,FR,2009,346000,
ESTAT:TAI01(1.0),08/02/21 23:00:00,A,K,T,FR,2010,454000,
ESTAT:TAI01(1.0),08/02/21 23:00:00,A,K,T,FR,2011,398000,
ESTAT:TAI01(1.0),08/02/21 23:00:00,A,K,T,FR,2012,413000,
ESTAT:TAI01(1.0),08/02/21 23:00:00,A,K,T,FR,2013,398705,
ESTAT:TAI01(1.0),08/02/21 23:00:00,A,K,T,FR,2014,385003,
ESTAT:TAI01(1.0),08/02/21 23:00:00,A,K,T,FR,2015,361843,
ESTAT:TAI01(1.0),08/02/21 23:00:00,A,K,T,FR,2016,354384,
ESTAT:TAI01(1.0),08/02/21 23:00:00,A,K,T,FR,2017,371651,
ESTAT:TAI01(1.0),08/02/21 23:00:00,A,K,T,FR,2018,390489,
ESTAT:TAI01(1.0),08/02/21 23:00:00,A,K,T,FR,2019,390275,p
ESTAT:TAI01(1.0),08/02/21 23:00:00,A,N,T,FR,2008,2113000,
ESTAT:TAI01(1.0),08/02/21 23:00:00,A,N,T,FR,2009,2069000,
ESTAT:TAI01(1.0),08/02/21 23:00:00,A,N,T,FR,2010,2161000,
ESTAT:TAI01(1.0),08/02/21 23:00:00,A,N,T,FR,2011,2135000,
ESTAT:TAI01(1.0),08/02/21 23:00:00,A,N,T,FR,2012,2141000,
ESTAT:TAI01(1.0),08/02/21 23:00:00,A,N,T,FR,2013,2203845,
ESTAT:TAI01(1.0),08/02/21 23:00:00,A,N,T,FR,2014,2196362,
ESTAT:TAI01(1.0),08/02/21 23:00:00,A,N,T,FR,2015,2201671,
ESTAT:TAI01(1.0),08/02/21 23:00:00,A,N,T,FR,2016,2221823,
ESTAT:TAI01(1.0),08/02/21 23:00:00,A,N,T,FR,2017,2242926,
ESTAT:TAI01(1.0),08/02/21 23:00:00,A,N,T,FR,2018,2105178,
ESTAT:TAI01(1.0),08/02/21 23:00:00,A,N,T,FR,2019,2031211,p
ESTAT:TAI01(1.0),08/02/21 23:00:00,A,P,T,FR,2008,150000,
ESTAT:TAI01(1.0),08/02/21 23:00:00,A,P,T,FR,2009,177000,
ESTAT:TAI01(1.0),08/02/21 23:00:00,A,P,T,FR,2010,203000,
ESTAT:TAI01(1.0),08/02/21 23:00:00,A,P,T,FR,2011,192000,
ESTAT:TAI01(1.0),08/02/21 23:00:00,A,P,T,FR,2012,213000,
ESTAT:TAI01(1.0),08/02/21 23:00:00,A,P,T,FR,2013,207151,
ESTAT:TAI01(1.0),08/02/21 23:00:00,A,P,T,FR,2014,181532,
ESTAT:TAI01(1.0),08/02/21 23:00:00,A,P,T,FR,2015,189822,
ESTAT:TAI01(1.0),08/02/21 23:00:00,A,P,T,FR,2016,176327,
ESTAT:TAI01(1.0),08/02/21 23:00:00,A,P,T,FR,2017,186106,
ESTAT:TAI01(1.0),08/02/21 23:00:00,A,P,T,FR,2018,171648,
ESTAT:TAI01(1.0),08/02/21 23:00:00,A,P,T,FR,2019,172516,p
ESTAT:TAI01(1.0),08/02/21 23:00:00,A,K,T,HR,2015,22327,
ESTAT:TAI01(1.0),08/02/21 23:00:00,A,K,T,HR,2016,21979,
ESTAT:TAI01(1.0),08/02/21 23:00:00,A,K,T,HR,2017,22352,
ESTAT:TAI01(1.0),08/02/21 23:00:00,A,K,T,HR,2018,22678,
ESTAT:TAI01(1.0),08/02/21 23:00:00,A,K,T,HR,2019,22678,p
ESTAT:TAI01(1.0),08/02/21 23:00:00,A,N,T,HR,2015,102456,
ESTAT:TAI01(1.0),08/02/21 23:00:00,A,N,T,HR,2016,107358,
ESTAT:TAI01(1.0),08/02/21 23:00:00,A,N,T,HR,2017,102456,
ESTAT:TAI01(1.0),08/02/21 23:00:00,A,N,T,HR,2018,108231,
ESTAT:TAI01(1.0),08/02/21 23:00:00,A,N,T,HR,2019,108231,p
ESTAT:TAI01(1.0),08/02/21 23:00:00,A,P,T,HR,2015,11996,
ESTAT:TAI01(1.0),08/02/21 23:00:00,A,P,T,HR,2016,11248,
ESTAT:TAI01(1.0),08/02/21 23:00:00,A,P,T,HR,2017,11996,
ESTAT:TAI01(1.0),08/02/21 23:00:00,A,P,T,HR,2018,11047,
ESTAT:TAI01(1.0),08/02/21 23:00:00,A,P,T,HR,2019,11047,p
ESTAT:TAI01(1.0),08/02/21 23:00:00,A,K,T,HU,2008,28000,
ESTAT:TAI01(1.0),08/02/21 23:00:00,A,K,T,HU,2009,12000,
ESTAT:TAI01(1.0),08/02/21 23:00:00,A,K,T,HU,2010,41000,
ESTAT:TAI01(1.0),08/02/21 23:00:00,A,K,T,HU,2011,45000,
ESTAT:TAI01(1.0),08/02/21 23:00:00,A,K,T,HU,2012,47000,
ESTAT:TAI01(1.0),08/02/21 23:00:00,A,K,T,HU,2013,53845,
ESTAT:TAI01(1.0),08/02/21 23:00:00,A,K,T,HU,2014,58290,
ESTAT:TAI01(1.0),08/02/21 23:00:00,A,K,T,HU,2015,53796,
ESTAT:TAI01(1.0),08/02/21 23:00:00,A,K,T,HU,2016,54508,
ESTAT:TAI01(1.0),08/02/21 23:00:00,A,K,T,HU,2017,66611,
ESTAT:TAI01(1.0),08/02/21 23:00:00,A,K,T,HU,2018,65825,
ESTAT:TAI01(1.0),08/02/21 23:00:00,A,K,T,HU,2019,65291,p
ESTAT:TAI01(1.0),08/02/21 23:00:00,A,N,T,HU,2008,229000,
ESTAT:TAI01(1.0),08/02/21 23:00:00,A,N,T,HU,2009,259000,
ESTAT:TAI01(1.0),08/02/21 23:00:00,A,N,T,HU,2010,283000,
ESTAT:TAI01(1.0),08/02/21 23:00:00,A,N,T,HU,2011,289000,
ESTAT:TAI01(1.0),08/02/21 23:00:00,A,N,T,HU,2012,298000,
ESTAT:TAI01(1.0),08/02/21 23:00:00,A,N,T,HU,2013,310895,
ESTAT:TAI01(1.0),08/02/21 23:00:00,A,N,T,HU,2014,334769,
ESTAT:TAI01(1.0),08/02/21 23:00:00,A,N,T,HU,2015,329348,
ESTAT:TAI01(1.0),08/02/21 23:00:00,A,N,T,HU,2016,355021,
ESTAT:TAI01(1.0),08/02/21 23:00:00,A,N,T,HU,2017,393064,
ESTAT:TAI01(1.0),08/02/21 23:00:00,A,N,T,HU,2018,389287,
ESTAT:TAI01(1.0),08/02/21 23:00:00,A,N,T,HU,2019,383774,p
ESTAT:TAI01(1.0),08/02/21 23:00:00,A,P,T,HU,2008,17000,
ESTAT:TAI01(1.0),08/02/21 23:00:00,A,P,T,HU,2009,4000,
ESTAT:TAI01(1.0),08/02/21 23:00:00,A,P,T,HU,2010,19000,
ESTAT:TAI01(1.0),08/02/21 23:00:00,A,P,T,HU,2011,20000,
ESTAT:TAI01(1.0),08/02/21 23:00:00,A,P,T,HU,2012,22000,
ESTAT:TAI01(1.0),08/02/21 23:00:00,A,P,T,HU,2013,25152,
ESTAT:TAI01(1.0),08/02/21 23:00:00,A,P,T,HU,2014,27964,
ESTAT:TAI01(1.0),08/02/21 23:00:00,A,P,T,HU,2015,26595,
ESTAT:TAI01(1.0),08/02/21 23:00:00,A,P,T,HU,2016,28969,
ESTAT:TAI01(1.0),08/02/21 23:00:00,A,P,T,HU,2017,35113,
ESTAT:TAI01(1.0),08/02/21 23:00:00,A,P,T,HU,2018,34607,
ESTAT:TAI01(1.0),08/02/21 23:00:00,A,P,T,HU,2019,34205,p
ESTAT:TAI01(1.0),08/02/21 23:00:00,A,K,T,IE,2008,52000,
ESTAT:TAI01(1.0),08/02/21 23:00:00,A,K,T,IE,2009,75000,
ESTAT:TAI01(1.0),08/02/21 23:00:00,A,K,T,IE,2010,74000,
ESTAT:TAI01(1.0),08/02/21 23:00:00,A,K,T,IE,2011,75000,
ESTAT:TAI01(1.0),08/02/21 23:00:00,A,K,T,IE,2012,58000,
ESTAT:TAI01(1.0),08/02/21 23:00:00,A,K,T,IE,2013,95784,
ESTAT:TAI01(1.0),08/02/21 23:00:00,A,K,T,IE,2014,97545,
ESTAT:TAI01(1.0),08/02/21 23:00:00,A,K,T,IE,2015,95071,
ESTAT:TAI01(1.0),08/02/21 23:00:00,A,K,T,IE,2016,105571,
ESTAT:TAI01(1.0),08/02/21 23:00:00,A,K,T,IE,2017,118019,
ESTAT:TAI01(1.0),08/02/21 23:00:00,A,K,T,IE,2018,114678,
ESTAT:TAI01(1.0),08/02/21 23:00:00,A,K,T,IE,2019,117262,p
ESTAT:TAI01(1.0),08/02/21 23:00:00,A,N,T,IE,2008,307000,
ESTAT:TAI01(1.0),08/02/21 23:00:00,A,N,T,IE,2009,365000,
ESTAT:TAI01(1.0),08/02/21 23:00:00,A,N,T,IE,2010,355000,
ESTAT:TAI01(1.0),08/02/21 23:00:00,A,N,T,IE,2011,356000,
ESTAT:TAI01(1.0),08/02/21 23:00:00,A,N,T,IE,2012,318000,
ESTAT:TAI01(1.0),08/02/21 23:00:00,A,N,T,IE,2013,337926,
ESTAT:TAI01(1.0),08/02/21 23:00:00,A,N,T,IE,2014,352496,
ESTAT:TAI01(1.0),08/02/21 23:00:00,A,N,T,IE,2015,339362,
ESTAT:TAI01(1.0),08/02/21 23:00:00,A,N,T,IE,2016,364600,
ESTAT:TAI01(1.0),08/02/21 23:00:00,A,N,T,IE,2017,408045,
ESTAT:TAI01(1.0),08/02/21 23:00:00,A,N,T,IE,2018,369085,
ESTAT:TAI01(1.0),08/02/21 23:00:00,A,N,T,IE,2019,381650,p
ESTAT:TAI01(1.0),08/02/21 23:00:00,A,P,T,IE,2008,21000,
ESTAT:TAI01(1.0),08/02/21 23:00:00,A,P,T,IE,2009,23000,
ESTAT:TAI01(1.0),08/02/21 23:00:00,A,P,T,IE,2010,21000,
ESTAT:TAI01(1.0),08/02/21 23:00:00,A,P,T,IE,2011,22000,
ESTAT:TAI01(1.0),08/02/21 23:00:00,A,P,T,IE,2012,27000,
ESTAT:TAI01(1.0),08/02/21 23:00:00,A,P,T,IE,2013,36168,
ESTAT:TAI01(1.0),08/02/21 23:00:00,A,P,T,IE,2014,36827,
ESTAT:TAI01(1.0),08/02/21 23:00:00,A,P,T,IE,2015,38045,
ESTAT:TAI01(1.0),08/02/21 23:00:00,A,P,T,IE,2016,39620,
ESTAT:TAI01(1.0),08/02/21 23:00:00,A,P,T,IE,2017,46048,
ESTAT:TAI01(1.0),08/02/21 23:00:00,A,P,T,IE,2018,42426,
ESTAT:TAI01(1.0),08/02/21 23:00:00,A,P,T,IE,2019,42263,p
ESTAT:TAI01(1.0),08/02/21 23:00:00,A,K,T,IT,2008,131000,
ESTAT:TAI01(1.0),08/02/21 23:00:00,A,K,T,IT,2009,121000,
ESTAT:TAI01(1.0),08/02/21 23:00:00,A,K,T,IT,2010,123000,
ESTAT:TAI01(1.0),08/02/21 23:00:00,A,K,T,IT,2011,104000,
ESTAT:TAI01(1.0),08/02/21 23:00:00,A,K,T,IT,2012,95000,
ESTAT:TAI01(1.0),08/02/21 23:00:00,A,K,T,IT,2013,92054,
ESTAT:TAI01(1.0),08/02/21 23:00:00,A,K,T,IT,2014,90308,
ESTAT:TAI01(1.0),08/02/21 23:00:00,A,K,T,IT,2015,92001,
ESTAT:TAI01(1.0),08/02/21 23:00:00,A,K,T,IT,2016,96018,
ESTAT:TAI01(1.0),08/02/21 23:00:00,A,K,T,IT,2017,95241,
ESTAT:TAI01(1.0),08/02/21 23:00:00,A,K,T,IT,2018,95017,
ESTAT:TAI01(1.0),08/02/21 23:00:00,A,K,T,IT,2019,91839,p
ESTAT:TAI01(1.0),08/02/21 23:00:00,A,N,T,IT,2008,605000,
ESTAT:TAI01(1.0),08/02/21 23:00:00,A,N,T,IT,2009,592000,
ESTAT:TAI01(1.0),08/02/21 23:00:00,A,N,T,IT,2010,589000,
ESTAT:TAI01(1.0),08/02/21 23:00:00,A,N,T,IT,2011,568000,
ESTAT:TAI01(1.0),08/02/21 23:00:00,A,N,T,IT,2012,591000,
ESTAT:TAI01(1.0),08/02/21 23:00:00,A,N,T,IT,2013,600600,
ESTAT:TAI01(1.0),08/02/21 23:00:00,A,N,T,IT,2014,574016,
ESTAT:TAI01(1.0),08/02/21 23:00:00,A,N,T,IT,2015,605236,
ESTAT:TAI01(1.0),08/02/21 23:00:00,A,N,T,IT,2016,602730,
ESTAT:TAI01(1.0),08/02/21 23:00:00,A,N,T,IT,2017,599242,
ESTAT:TAI01(1.0),08/02/21 23:00:00,A,N,T,IT,2018,594767,
ESTAT:TAI01(1.0),08/02/21 23:00:00,A,N,T,IT,2019,598544,p
ESTAT:TAI01(1.0),08/02/21 23:00:00,A,P,T,IT,2008,85000,
ESTAT:TAI01(1.0),08/02/21 23:00:00,A,P,T,IT,2009,114000,
ESTAT:TAI01(1.0),08/02/21 23:00:00,A,P,T,IT,2010,87000,
ESTAT:TAI01(1.0),08/02/21 23:00:00,A,P,T,IT,2011,78000,
ESTAT:TAI01(1.0),08/02/21 23:00:00,A,P,T,IT,2012,73000,
ESTAT:TAI01(1.0),08/02/21 23:00:00,A,P,T,IT,2013,74775,
ESTAT:TAI01(1.0),08/02/21 23:00:00,A,P,T,IT,2014,73664,
ESTAT:TAI01(1.0),08/02/21 23:00:00,A,P,T,IT,2015,73922,
ESTAT:TAI01(1.0),08/02/21 23:00:00,A,P,T,IT,2016,70846,
ESTAT:TAI01(1.0),08/02/21 23:00:00,A,P,T,IT,2017,71953,
ESTAT:TAI01(1.0),08/02/21 23:00:00,A,P,T,IT,2018,71512,
ESTAT:TAI01(1.0),08/02/21 23:00:00,A,P,T,IT,2019,76841,p
ESTAT:TAI01(1.0),08/02/21 23:00:00,A,K,T,LT,2008,24000,
ESTAT:TAI01(1.0),08/02/21 23:00:00,A,K,T,LT,2009,36000,
ESTAT:TAI01(1.0),08/02/21 23:00:00,A,K,T,LT,2010,36000,
ESTAT:TAI01(1.0),08/02/21 23:00:00,A,K,T,LT,2011,38000,
ESTAT:TAI01(1.0),08/02/21 23:00:00,A,K,T,LT,2012,42000,
ESTAT:TAI01(1.0),08/02/21 23:00:00,A,K,T,LT,2013,43407,
ESTAT:TAI01(1.0),08/02/21 23:00:00,A,K,T,LT,2014,45627,
ESTAT:TAI01(1.0),08/02/21 23:00:00,A,K,T,LT,2015,47464,
ESTAT:TAI01(1.0),08/02/21 23:00:00,A,K,T,LT,2016,48780,
ESTAT:TAI01(1.0),08/02/21 23:00:00,A,K,T,LT,2017,49997,
ESTAT:TAI01(1.0),08/02/21 23:00:00,A,K,T,LT,2018,51289,
ESTAT:TAI01(1.0),08/02/21 23:00:00,A,K,T,LT,2019,52690,p
ESTAT:TAI01(1.0),08/02/21 23:00:00,A,N,T,LT,2008,123000,
ESTAT:TAI01(1.0),08/02/21 23:00:00,A,N,T,LT,2009,134000,
ESTAT:TAI01(1.0),08/02/21 23:00:00,A,N,T,LT,2010,144000,
ESTAT:TAI01(1.0),08/02/21 23:00:00,A,N,T,LT,2011,147000,
ESTAT:TAI01(1.0),08/02/21 23:00:00,A,N,T,LT,2012,153000,
ESTAT:TAI01(1.0),08/02/21 23:00:00,A,N,T,LT,2013,157226,
ESTAT:TAI01(1.0),08/02/21 23:00:00,A,N,T,LT,2014,163200,
ESTAT:TAI01(1.0),08/02/21 23:00:00,A,N,T,LT,2015,162813,
ESTAT:TAI01(1.0),08/02/21 23:00:00,A,N,T,LT,2016,166346,
ESTAT:TAI01(1.0),08/02/21 23:00:00,A,N,T,LT,2017,169891,
ESTAT:TAI01(1.0),08/02/21 23:00:00,A,N,T,LT,2018,174382,
ESTAT:TAI01(1.0),08/02/21 23:00:00,A,N,T,LT,2019,175630,p
ESTAT:TAI01(1.0),08/02/21 23:00:00,A,P,T,LT,2008,10000,
ESTAT:TAI01(1.0),08/02/21 23:00:00,A,P,T,LT,2009,14000,
ESTAT:TAI01(1.0),08/02/21 23:00:00,A,P,T,LT,2010,15000,
ESTAT:TAI01(1.0),08/02/21 23:00:00,A,P,T,LT,2011,16000,
ESTAT:TAI01(1.0),08/02/21 23:00:00,A,P,T,LT,2012,17000,
ESTAT:TAI01(1.0),08/02/21 23:00:00,A,P,T,LT,2013,18165,
ESTAT:TAI01(1.0),08/02/21 23:00:00,A,P,T,LT,2014,19419,
ESTAT:TAI01(1.0),08/02/21 23:00:00,A,P,T,LT,2015,20191,
ESTAT:TAI01(1.0),08/02/21 23:00:00,A,P,T,LT,2016,20701,
ESTAT:TAI01(1.0),08/02/21 23:00:00,A,P,T,LT,2017,21094,
ESTAT:TAI01(1.0),08/02/21 23:00:00,A,P,T,LT,2018,22531,
ESTAT:TAI01(1.0),08/02/21 23:00:00,A,P,T,LT,2019,23198,p
ESTAT:TAI01(1.0),08/02/21 23:00:00,A,K,T,LV,2008,11000,
ESTAT:TAI01(1.0),08/02/21 23:00:00,A,K,T,LV,2009,11000,
ESTAT:TAI01(1.0),08/02/21 23:00:00,A,K,T,LV,2010,12000,
ESTAT:TAI01(1.0),08/02/21 23:00:00,A,K,T,LV,2011,12000,
ESTAT:TAI01(1.0),08/02/21 23:00:00,A,K,T,LV,2012,12000,
ESTAT:TAI01(1.0),08/02/21 23:00:00,A,K,T,LV,2013,11378,
ESTAT:TAI01(1.0),08/02/21 23:00:00,A,K,T,LV,2014,11378,
ESTAT:TAI01(1.0),08/02/21 23:00:00,A,K,T,LV,2015,14473,
ESTAT:TAI01(1.0),08/02/21 23:00:00,A,K,T,LV,2016,23171,
ESTAT:TAI01(1.0),08/02/21 23:00:00,A,K,T,LV,2017,33769,
ESTAT:TAI01(1.0),08/02/21 23:00:00,A,K,T,LV,2018,33060,
ESTAT:TAI01(1.0),08/02/21 23:00:00,A,K,T,LV,2019,39423,p
ESTAT:TAI01(1.0),08/02/21 23:00:00,A,N,T,LV,2008,45000,
ESTAT:TAI01(1.0),08/02/21 23:00:00,A,N,T,LV,2009,46000,
ESTAT:TAI01(1.0),08/02/21 23:00:00,A,N,T,LV,2010,46000,
ESTAT:TAI01(1.0),08/02/21 23:00:00,A,N,T,LV,2011,46000,
ESTAT:TAI01(1.0),08/02/21 23:00:00,A,N,T,LV,2012,47000,
ESTAT:TAI01(1.0),08/02/21 23:00:00,A,N,T,LV,2013,45689,
ESTAT:TAI01(1.0),08/02/21 23:00:00,A,N,T,LV,2014,45689,
ESTAT:TAI01(1.0),08/02/21 23:00:00,A,N,T,LV,2015,62976,
ESTAT:TAI01(1.0),08/02/21 23:00:00,A,N,T,LV,2016,102141,
ESTAT:TAI01(1.0),08/02/21 23:00:00,A,N,T,LV,2017,115570,
ESTAT:TAI01(1.0),08/02/21 23:00:00,A,N,T,LV,2018,102940,
ESTAT:TAI01(1.0),08/02/21 23:00:00,A,N,T,LV,2019,124255,p
ESTAT:TAI01(1.0),08/02/21 23:00:00,A,P,T,LV,2008,5000,
ESTAT:TAI01(1.0),08/02/21 23:00:00,A,P,T,LV,2009,5000,
ESTAT:TAI01(1.0),08/02/21 23:00:00,A,P,T,LV,2010,5000,
ESTAT:TAI01(1.0),08/02/21 23:00:00,A,P,T,LV,2011,5000,
ESTAT:TAI01(1.0),08/02/21 23:00:00,A,P,T,LV,2012,5000,
ESTAT:TAI01(1.0),08/02/21 23:00:00,A,P,T,LV,2013,5039,
ESTAT:TAI01(1.0),08/02/21 23:00:00,A,P,T,LV,2014,5039,
ESTAT:TAI01(1.0),08/02/21 23:00:00,A,P,T,LV,2015,9246,
ESTAT:TAI01(1.0),08/02/21 23:00:00,A,P,T,LV,2016,10332,
ESTAT:TAI01(1.0),08/02/21 23:00:00,A,P,T,LV,2017,10176,
ESTAT:TAI01(1.0),08/02/21 23:00:00,A,P,T,LV,2018,13157,
ESTAT:TAI01(1.0),08/02/21 23:00:00,A,P,T,LV,2019,16622,p
ESTAT:TAI01(1.0),08/02/21 23:00:00,A,K,T,NL,2008,24000,
ESTAT:TAI01(1.0),08/02/21 23:00:00,A,K,T,NL,2009,29000,
ESTAT:TAI01(1.0),08/02/21 23:00:00,A,K,T,NL,2010,30000,
ESTAT:TAI01(1.0),08/02/21 23:00:00,A,K,T,NL,2011,32000,
ESTAT:TAI01(1.0),08/02/21 23:00:00,A,K,T,NL,2012,32000,
ESTAT:TAI01(1.0),08/02/21 23:00:00,A,K,T,NL,2013,25966,
ESTAT:TAI01(1.0),08/02/21 23:00:00,A,K,T,NL,2014,29760,
ESTAT:TAI01(1.0),08/02/21 23:00:00,A,K,T,NL,2015,29932,
ESTAT:TAI01(1.0),08/02/21 23:00:00,A,K,T,NL,2016,29999,
ESTAT:TAI01(1.0),08/02/21 23:00:00,A,K,T,NL,2017,30006,
ESTAT:TAI01(1.0),08/02/21 23:00:00,A,K,T,NL,2018,31673,
ESTAT:TAI01(1.0),08/02/21 23:00:00,A,K,T,NL,2019,31875,p
ESTAT:TAI01(1.0),08/02/21 23:00:00,A,N,T,NL,2008,239000,
ESTAT:TAI01(1.0),08/02/21 23:00:00,A,N,T,NL,2009,234000,
ESTAT:TAI01(1.0),08/02/21 23:00:00,A,N,T,NL,2010,233000,
ESTAT:TAI01(1.0),08/02/21 23:00:00,A,N,T,NL,2011,233000,
ESTAT:TAI01(1.0),08/02/21 23:00:00,A,N,T,NL,2012,231000,
ESTAT:TAI01(1.0),08/02/21 23:00:00,A,N,T,NL,2013,220655,
ESTAT:TAI01(1.0),08/02/21 23:00:00,A,N,T,NL,2014,218185,
ESTAT:TAI01(1.0),08/02/21 23:00:00,A,N,T,NL,2015,218132,
ESTAT:TAI01(1.0),08/02/21 23:00:00,A,N,T,NL,2016,218533,
ESTAT:TAI01(1.0),08/02/21 23:00:00,A,N,T,NL,2017,214574,
ESTAT:TAI01(1.0),08/02/21 23:00:00,A,N,T,NL,2018,208473,
ESTAT:TAI01(1.0),08/02/21 23:00:00,A,N,T,NL,2019,201958,p
ESTAT:TAI01(1.0),08/02/21 23:00:00,A,P,T,NL,2008,11000,
ESTAT:TAI01(1.0),08/02/21 23:00:00,A,P,T,NL,2009,11000,
ESTAT:TAI01(1.0),08/02/21 23:00:00,A,P,T,NL,2010,10000,
ESTAT:TAI01(1.0),08/02/21 23:00:00,A,P,T,NL,2011,10000,
ESTAT:TAI01(1.0),08/02/21 23:00:00,A,P,T,NL,2012,10000,
ESTAT:TAI01(1.0),08/02/21 23:00:00,A,P,T,NL,2013,5984,
ESTAT:TAI01(1.0),08/02/21 23:00:00,A,P,T,NL,2014,5686,
ESTAT:TAI01(1.0),08/02/21 23:00:00,A,P,T,NL,2015,5724,
ESTAT:TAI01(1.0),08/02/21 23:00:00,A,P,T,NL,2016,5736,
ESTAT:TAI01(1.0),08/02/21 23:00:00,A,P,T,NL,2017,5782,
ESTAT:TAI01(1.0),08/02/21 23:00:00,A,P,T,NL,2018,6096,
ESTAT:TAI01(1.0),08/02/21 23:00:00,A,P,T,NL,2019,6149,p
ESTAT:TAI01(1.0),08/02/21 23:00:00,A,K,T,NO,2008,48000,
ESTAT:TAI01(1.0),08/02/21 23:00:00,A,K,T,NO,2009,25000,
ESTAT:TAI01(1.0),08/02/21 23:00:00,A,K,T,NO,2010,25000,
ESTAT:TAI01(1.0),08/02/21 23:00:00,A,K,T,NO,2011,32000,
ESTAT:TAI01(1.0),08/02/21 23:00:00,A,K,T,NO,2012,37000,
ESTAT:TAI01(1.0),08/02/21 23:00:00,A,K,T,NO,2013,34023,
ESTAT:TAI01(1.0),08/02/21 23:00:00,A,K,T,NO,2014,34703,
ESTAT:TAI01(1.0),08/02/21 23:00:00,A,K,T,NO,2015,34117,
ESTAT:TAI01(1.0),08/02/21 23:00:00,A,K,T,NO,2016,32970,
ESTAT:TAI01(1.0),08/02/21 23:00:00,A,K,T,NO,2017,33308,
ESTAT:TAI01(1.0),08/02/21 23:00:00,A,K,T,NO,2018,33795,
ESTAT:TAI01(1.0),08/02/21 23:00:00,A,K,T,NO,2019,34500,p
ESTAT:TAI01(1.0),08/02/21 23:00:00,A,N,T,NO,2008,106000,
ESTAT:TAI01(1.0),08/02/21 23:00:00,A,N,T,NO,2009,82000,
ESTAT:TAI01(1.0),08/02/21 23:00:00,A,N,T,NO,2010,97000,
ESTAT:TAI01(1.0),08/02/21 23:00:00,A,N,T,NO,2011,99000,
ESTAT:TAI01(1.0),08/02/21 23:00:00,A,N,T,NO,2012,95000,
ESTAT:TAI01(1.0),08/02/21 23:00:00,A,N,T,NO,2013,102684,
ESTAT:TAI01(1.0),08/02/21 23:00:00,A,N,T,NO,2014,104060,
ESTAT:TAI01(1.0),08/02/21 23:00:00,A,N,T,NO,2015,97970,
ESTAT:TAI01(1.0),08/02/21 23:00:00,A,N,T,NO,2016,101192,
ESTAT:TAI01(1.0),08/02/21 23:00:00,A,N,T,NO,2017,102144,
ESTAT:TAI01(1.0),08/02/21 23:00:00,A,N,T,NO,2018,105900,
ESTAT:TAI01(1.0),08/02/21 23:00:00,A,N,T,NO,2019,107060,p
ESTAT:TAI01(1.0),08/02/21 23:00:00,A,P,T,NO,2008,13000,
ESTAT:TAI01(1.0),08/02/21 23:00:00,A,P,T,NO,2009,7000,
ESTAT:TAI01(1.0),08/02/21 23:00:00,A,P,T,NO,2010,9000,
ESTAT:TAI01(1.0),08/02/21 23:00:00,A,P,T,NO,2011,9000,
ESTAT:TAI01(1.0),08/02/21 23:00:00,A,P,T,NO,2012,8000,
ESTAT:TAI01(1.0),08/02/21 23:00:00,A,P,T,NO,2013,8589,
ESTAT:TAI01(1.0),08/02/21 23:00:00,A,P,T,NO,2014,9644,
ESTAT:TAI01(1.0),08/02/21 23:00:00,A,P,T,NO,2015,9338,
ESTAT:TAI01(1.0),08/02/21 23:00:00,A,P,T,NO,2016,8619,
ESTAT:TAI01(1.0),08/02/21 23:00:00,A,P,T,NO,2017,8801,
ESTAT:TAI01(1.0),08/02/21 23:00:00,A,P,T,NO,2018,8838,
ESTAT:TAI01(1.0),08/02/21 23:00:00,A,P,T,NO,2019,9174,p
ESTAT:TAI01(1.0),08/02/21 23:00:00,A,K,T,PL,2008,356000,
ESTAT:TAI01(1.0),08/02/21 23:00:00,A,K,T,PL,2009,344000,
ESTAT:TAI01(1.0),08/02/21 23:00:00,A,K,T,PL,2010,378000,
ESTAT:TAI01(1.0),08/02/21 23:00:00,A,K,T,PL,2011,347000,
ESTAT:TAI01(1.0),08/02/21 23:00:00,A,K,T,PL,2012,356000,
ESTAT:TAI01(1.0),08/02/21 23:00:00,A,K,T,PL,2013,411466,
ESTAT:TAI01(1.0),08/02/21 23:00:00,A,K,T,PL,2014,402969,
ESTAT:TAI01(1.0),08/02/21 23:00:00,A,K,T,PL,2015,440073,
ESTAT:TAI01(1.0),08/02/21 23:00:00,A,K,T,PL,2016,462552,
ESTAT:TAI01(1.0),08/02/21 23:00:00,A,K,T,PL,2017,464894,
ESTAT:TAI01(1.0),08/02/21 23:00:00,A,K,T,PL,2018,472311,
ESTAT:TAI01(1.0),08/02/21 23:00:00,A,K,T,PL,2019,472514,p
ESTAT:TAI01(1.0),08/02/21 23:00:00,A,N,T,PL,2008,1095000,
ESTAT:TAI01(1.0),08/02/21 23:00:00,A,N,T,PL,2009,1113000,
ESTAT:TAI01(1.0),08/02/21 23:00:00,A,N,T,PL,2010,1091000,
ESTAT:TAI01(1.0),08/02/21 23:00:00,A,N,T,PL,2011,1095000,
ESTAT:TAI01(1.0),08/02/21 23:00:00,A,N,T,PL,2012,1100000,
ESTAT:TAI01(1.0),08/02/21 23:00:00,A,N,T,PL,2013,1098064,
ESTAT:TAI01(1.0),08/02/21 23:00:00,A,N,T,PL,2014,1003850,
ESTAT:TAI01(1.0),08/02/21 23:00:00,A,N,T,PL,2015,1048656,
ESTAT:TAI01(1.0),08/02/21 23:00:00,A,N,T,PL,2016,1150668,
ESTAT:TAI01(1.0),08/02/21 23:00:00,A,N,T,PL,2017,1178517,
ESTAT:TAI01(1.0),08/02/21 23:00:00,A,N,T,PL,2018,994271,
ESTAT:TAI01(1.0),08/02/21 23:00:00,A,N,T,PL,2019,1046410,p
ESTAT:TAI01(1.0),08/02/21 23:00:00,A,P,T,PL,2008,164000,
ESTAT:TAI01(1.0),08/02/21 23:00:00,A,P,T,PL,2009,157000,
ESTAT:TAI01(1.0),08/02/21 23:00:00,A,P,T,PL,2010,178000,
ESTAT:TAI01(1.0),08/02/21 23:00:00,A,P,T,PL,2011,162000,
ESTAT:TAI01(1.0),08/02/21 23:00:00,A,P,T,PL,2012,169000,
ESTAT:TAI01(1.0),08/02/21 23:00:00,A,P,T,PL,2013,149079,
ESTAT:TAI01(1.0),08/02/21 23:00:00,A,P,T,PL,2014,132809,
ESTAT:TAI01(1.0),08/02/21 23:00:00,A,P,T,PL,2015,143108,
ESTAT:TAI01(1.0),08/02/21 23:00:00,A,P,T,PL,2016,150395,
ESTAT:TAI01(1.0),08/02/21 23:00:00,A,P,T,PL,2017,147886,
ESTAT:TAI01(1.0),08/02/21 23:00:00,A,P,T,PL,2018,149969,
ESTAT:TAI01(1.0),08/02/21 23:00:00,A,P,T,PL,2019,151026,p
ESTAT:TAI01(1.0),08/02/21 23:00:00,A,K,T,PT,2008,20000,
ESTAT:TAI01(1.0),08/02/21 23:00:00,A,K,T,PT,2009,20000,
ESTAT:TAI01(1.0),08/02/21 23:00:00,A,K,T,PT,2010,21000,
ESTAT:TAI01(1.0),08/02/21 23:00:00,A,K,T,PT,2011,19000,
ESTAT:TAI01(1.0),08/02/21 23:00:00,A,K,T,PT,2012,20000,
ESTAT:TAI01(1.0),08/02/21 23:00:00,A,K,T,PT,2013,21425,
ESTAT:TAI01(1.0),08/02/21 23:00:00,A,K,T,PT,2014,21571,
ESTAT:TAI01(1.0),08/02/21 23:00:00,A,K,T,PT,2015,21851,
ESTAT:TAI01(1.0),08/02/21 23:00:00,A,K,T,PT,2016,22834,
ESTAT:TAI01(1.0),08/02/21 23:00:00,A,K,T,PT,2017,22698,
ESTAT:TAI01(1.0),08/02/21 23:00:00,A,K,T,PT,2018,21771,
ESTAT:TAI01(1.0),08/02/21 23:00:00,A,K,T,PT,2019,22135,p
ESTAT:TAI01(1.0),08/02/21 23:00:00,A,N,T,PT,2008,72000,
ESTAT:TAI01(1.0),08/02/21 23:00:00,A,N,T,PT,2009,68000,
ESTAT:TAI01(1.0),08/02/21 23:00:00,A,N,T,PT,2010,73000,
ESTAT:TAI01(1.0),08/02/21 23:00:00,A,N,T,PT,2011,70000,
ESTAT:TAI01(1.0),08/02/21 23:00:00,A,N,T,PT,2012,71000,
ESTAT:TAI01(1.0),08/02/21 23:00:00,A,N,T,PT,2013,78610,
ESTAT:TAI01(1.0),08/02/21 23:00:00,A,N,T,PT,2014,70816,
ESTAT:TAI01(1.0),08/02/21 23:00:00,A,N,T,PT,2015,74810,
ESTAT:TAI01(1.0),08/02/21 23:00:00,A,N,T,PT,2016,71560,
ESTAT:TAI01(1.0),08/02/21 23:00:00,A,N,T,PT,2017,69199,
ESTAT:TAI01(1.0),08/02/21 23:00:00,A,N,T,PT,2018,70801,
ESTAT:TAI01(1.0),08/02/21 23:00:00,A,N,T,PT,2019,68494,p
ESTAT:TAI01(1.0),08/02/21 23:00:00,A,P,T,PT,2008,12000,
ESTAT:TAI01(1.0),08/02/21 23:00:00,A,P,T,PT,2009,12000,
ESTAT:TAI01(1.0),08/02/21 23:00:00,A,P,T,PT,2010,13000,
ESTAT:TAI01(1.0),08/02/21 23:00:00,A,P,T,PT,2011,13000,
ESTAT:TAI01(1.0),08/02/21 23:00:00,A,P,T,PT,2012,13000,
ESTAT:TAI01(1.0),08/02/21 23:00:00,A,P,T,PT,2013,13980,
ESTAT:TAI01(1.0),08/02/21 23:00:00,A,P,T,PT,2014,12739,
ESTAT:TAI01(1.0),08/02/21 23:00:00,A,P,T,PT,2015,13584,
ESTAT:TAI01(1.0),08/02/21 23:00:00,A,P,T,PT,2016,13197,
ESTAT:TAI01(1.0),08/02/21 23:00:00,A,P,T,PT,2017,13481,
ESTAT:TAI01(1.0),08/02/21 23:00:00,A,P,T,PT,2018,13311,
ESTAT:TAI01(1.0),08/02/21 23:00:00,A,P,T,PT,2019,12655,p
ESTAT:TAI01(1.0),08/02/21 23:00:00,A,K,T,RO,2008,19000,
ESTAT:TAI01(1.0),08/02/21 23:00:00,A,K,T,RO,2009,14000,
ESTAT:TAI01(1.0),08/02/21 23:00:00,A,K,T,RO,2010,29000,
ESTAT:TAI01(1.0),08/02/21 23:00:00,A,K,T,RO,2011,28000,
ESTAT:TAI01(1.0),08/02/21 23:00:00,A,K,T,RO,2012,27000,
ESTAT:TAI01(1.0),08/02/21 23:00:00,A,K,T,RO,2013,33825,
ESTAT:TAI01(1.0),08/02/21 23:00:00,A,K,T,RO,2014,51009,
ESTAT:TAI01(1.0),08/02/21 23:00:00,A,K,T,RO,2015,66324,
ESTAT:TAI01(1.0),08/02/21 23:00:00,A,K,T,RO,2016,69508,
ESTAT:TAI01(1.0),08/02/21 23:00:00,A,K,T,RO,2017,70031,
ESTAT:TAI01(1.0),08/02/21 23:00:00,A,K,T,RO,2018,74427,
ESTAT:TAI01(1.0),08/02/21 23:00:00,A,K,T,RO,2019,75497,p
ESTAT:TAI01(1.0),08/02/21 23:00:00,A,N,T,RO,2008,293000,
ESTAT:TAI01(1.0),08/02/21 23:00:00,A,N,T,RO,2009,345000,
ESTAT:TAI01(1.0),08/02/21 23:00:00,A,N,T,RO,2010,378000,
ESTAT:TAI01(1.0),08/02/21 23:00:00,A,N,T,RO,2011,376000,
ESTAT:TAI01(1.0),08/02/21 23:00:00,A,N,T,RO,2012,388000,
ESTAT:TAI01(1.0),08/02/21 23:00:00,A,N,T,RO,2013,487856,
ESTAT:TAI01(1.0),08/02/21 23:00:00,A,N,T,RO,2014,498284,
ESTAT:TAI01(1.0),08/02/21 23:00:00,A,N,T,RO,2015,495130,
ESTAT:TAI01(1.0),08/02/21 23:00:00,A,N,T,RO,2016,598203,
ESTAT:TAI01(1.0),08/02/21 23:00:00,A,N,T,RO,2017,611773,
ESTAT:TAI01(1.0),08/02/21 23:00:00,A,N,T,RO,2018,654689,
ESTAT:TAI01(1.0),08/02/21 23:00:00,A,N,T,RO,2019,644769,p
ESTAT:TAI01(1.0),08/02/21 23:00:00,A,P,T,RO,2008,19000,
ESTAT:TAI01(1.0),08/02/21 23:00:00,A,P,T,RO,2009,31000,
ESTAT:TAI01(1.0),08/02/21 23:00:00,A,P,T,RO,2010,37000,
ESTAT:TAI01(1.0),08/02/21 23:00:00,A,P,T,RO,2011,39000,
ESTAT:TAI01(1.0),08/02/21 23:00:00,A,P,T,RO,2012,39000,
ESTAT:TAI01(1.0),08/02/21 23:00:00,A,P,T,RO,2013,62419,
ESTAT:TAI01(1.0),08/02/21 23:00:00,A,P,T,RO,2014,68413,
ESTAT:TAI01(1.0),08/02/21 23:00:00,A,P,T,RO,2015,67229,
ESTAT:TAI01(1.0),08/02/21 23:00:00,A,P,T,RO,2016,115097,
ESTAT:TAI01(1.0),08/02/21 23:00:00,A,P,T,RO,2017,116788,
ESTAT:TAI01(1.0),08/02/21 23:00:00,A,P,T,RO,2018,124294,
ESTAT:TAI01(1.0),08/02/21 23:00:00,A,P,T,RO,2019,123115,p
ESTAT:TAI01(1.0),08/02/21 23:00:00,A,K,T,SE,2008,22000,
ESTAT:TAI01(1.0),08/02/21 23:00:00,A,K,T,SE,2009,21000,
ESTAT:TAI01(1.0),08/02/21 23:00:00,A,K,T,SE,2010,21000,
ESTAT:TAI01(1.0),08/02/21 23:00:00,A,K,T,SE,2011,22000,
ESTAT:TAI01(1.0),08/02/21 23:00:00,A,K,T,SE,2012,23000,
ESTAT:TAI01(1.0),08/02/21 23:00:00,A,K,T,SE,2013,23349,
ESTAT:TAI01(1.0),08/02/21 23:00:00,A,K,T,SE,2014,27897,
ESTAT:TAI01(1.0),08/02/21 23:00:00,A,K,T,SE,2015,25810,
ESTAT:TAI01(1.0),08/02/21 23:00:00,A,K,T,SE,2016,27885,
ESTAT:TAI01(1.0),08/02/21 23:00:00,A,K,T,SE,2017,24220,
ESTAT:TAI01(1.0),08/02/21 23:00:00,A,K,T,SE,2018,27237,
ESTAT:TAI01(1.0),08/02/21 23:00:00,A,K,T,SE,2019,27493,p
ESTAT:TAI01(1.0),08/02/21 23:00:00,A,N,T,SE,2008,157000,
ESTAT:TAI01(1.0),08/02/21 23:00:00,A,N,T,SE,2009,176000,
ESTAT:TAI01(1.0),08/02/21 23:00:00,A,N,T,SE,2010,178000,
ESTAT:TAI01(1.0),08/02/21 23:00:00,A,N,T,SE,2011,170000,
ESTAT:TAI01(1.0),08/02/21 23:00:00,A,N,T,SE,2012,164000,
ESTAT:TAI01(1.0),08/02/21 23:00:00,A,N,T,SE,2013,163460,
ESTAT:TAI01(1.0),08/02/21 23:00:00,A,N,T,SE,2014,179646,
ESTAT:TAI01(1.0),08/02/21 23:00:00,A,N,T,SE,2015,180302,
ESTAT:TAI01(1.0),08/02/21 23:00:00,A,N,T,SE,2016,195517,
ESTAT:TAI01(1.0),08/02/21 23:00:00,A,N,T,SE,2017,169795,
ESTAT:TAI01(1.0),08/02/21 23:00:00,A,N,T,SE,2018,185986,
ESTAT:TAI01(1.0),08/02/21 23:00:00,A,N,T,SE,2019,190184,p
ESTAT:TAI01(1.0),08/02/21 23:00:00,A,P,T,SE,2008,10000,
ESTAT:TAI01(1.0),08/02/21 23:00:00,A,P,T,SE,2009,9000,
ESTAT:TAI01(1.0),08/02/21 23:00:00,A,P,T,SE,2010,10000,
ESTAT:TAI01(1.0),08/02/21 23:00:00,A,P,T,SE,2011,11000,
ESTAT:TAI01(1.0),08/02/21 23:00:00,A,P,T,SE,2012,12000,
ESTAT:TAI01(1.0),08/02/21 23:00:00,A,P,T,SE,2013,11958,
ESTAT:TAI01(1.0),08/02/21 23:00:00,A,P,T,SE,2014,12954,
ESTAT:TAI01(1.0),08/02/21 23:00:00,A,P,T,SE,2015,14606,
ESTAT:TAI01(1.0),08/02/21 23:00:00,A,P,T,SE,2016,15380,
ESTAT:TAI01(1.0),08/02/21 23:00:00,A,P,T,SE,2017,14882,
ESTAT:TAI01(1.0),08/02/21 23:00:00,A,P,T,SE,2018,14083,
ESTAT:TAI01(1.0),08/02/21 23:00:00,A,P,T,SE,2019,15253,p
ESTAT:TAI01(1.0),08/02/21 23:00:00,A,K,T,SI,2008,8000,
ESTAT:TAI01(1.0),08/02/21 23:00:00,A,K,T,SI,2009,10000,
ESTAT:TAI01(1.0),08/02/21 23:00:00,A,K,T,SI,2010,10000,
ESTAT:TAI01(1.0),08/02/21 23:00:00,A,K,T,SI,2011,10000,
ESTAT:TAI01(1.0),08/02/21 23:00:00,A,K,T,SI,2012,10000,
ESTAT:TAI01(1.0),08/02/21 23:00:00,A,K,T,SI,2013,9189,
ESTAT:TAI01(1.0),08/02/21 23:00:00,A,K,T,SI,2014,8546,
ESTAT:TAI01(1.0),08/02/21 23:00:00,A,K,T,SI,2015,8871,
ESTAT:TAI01(1.0),08/02/21 23:00:00,A,K,T,SI,2016,9147,
ESTAT:TAI01(1.0),08/02/21 23:00:00,A,K,T,SI,2017,7995,
ESTAT:TAI01(1.0),08/02/21 23:00:00,A,K,T,SI,2018,8092,
ESTAT:TAI01(1.0),08/02/21 23:00:00,A,K,T,SI,2019,8410,p
ESTAT:TAI01(1.0),08/02/21 23:00:00,A,N,T,SI,2008,28000,
ESTAT:TAI01(1.0),08/02/21 23:00:00,A,N,T,SI,2009,27000,
ESTAT:TAI01(1.0),08/02/21 23:00:00,A,N,T,SI,2010,27000,
ESTAT:TAI01(1.0),08/02/21 23:00:00,A,N,T,SI,2011,27000,
ESTAT:TAI01(1.0),08/02/21 23:00:00,A,N,T,SI,2012,26000,
ESTAT:TAI01(1.0),08/02/21 23:00:00,A,N,T,SI,2013,21009,
ESTAT:TAI01(1.0),08/02/21 23:00:00,A,N,T,SI,2014,21742,
ESTAT:TAI01(1.0),08/02/21 23:00:00,A,N,T,SI,2015,23387,
ESTAT:TAI01(1.0),08/02/21 23:00:00,A,N,T,SI,2016,26534,
ESTAT:TAI01(1.0),08/02/21 23:00:00,A,N,T,SI,2017,25359,
ESTAT:TAI01(1.0),08/02/21 23:00:00,A,N,T,SI,2018,25730,
ESTAT:TAI01(1.0),08/02/21 23:00:00,A,N,T,SI,2019,26105,p
ESTAT:TAI01(1.0),08/02/21 23:00:00,A,P,T,SI,2008,3000,
ESTAT:TAI01(1.0),08/02/21 23:00:00,A,P,T,SI,2009,5000,
ESTAT:TAI01(1.0),08/02/21 23:00:00,A,P,T,SI,2010,4000,
ESTAT:TAI01(1.0),08/02/21 23:00:00,A,P,T,SI,2011,4000,
ESTAT:TAI01(1.0),08/02/21 23:00:00,A,P,T,SI,2012,4000,
ESTAT:TAI01(1.0),08/02/21 23:00:00,A,P,T,SI,2013,4234,
ESTAT:TAI01(1.0),08/02/21 23:00:00,A,P,T,SI,2014,3860,
ESTAT:TAI01(1.0),08/02/21 23:00:00,A,P,T,SI,2015,3986,
ESTAT:TAI01(1.0),08/02/21 23:00:00,A,P,T,SI,2016,3783,
ESTAT:TAI01(1.0),08/02/21 23:00:00,A,P,T,SI,2017,3700,
ESTAT:TAI01(1.0),08/02/21 23:00:00,A,P,T,SI,2018,3735,
ESTAT:TAI01(1.0),08/02/21 23:00:00,A,P,T,SI,2019,3809,p
ESTAT:TAI01(1.0),08/02/21 23:00:00,A,K,T,SK,2008,9000,
ESTAT:TAI01(1.0),08/02/21 23:00:00,A,K,T,SK,2009,7000,
ESTAT:TAI01(1.0),08/02/21 23:00:00,A,K,T,SK,2010,11000,
ESTAT:TAI01(1.0),08/02/21 23:00:00,A,K,T,SK,2011,13000,
ESTAT:TAI01(1.0),08/02/21 23:00:00,A,K,T,SK,2012,13000,
ESTAT:TAI01(1.0),08/02/21 23:00:00,A,K,T,SK,2013,15290,
ESTAT:TAI01(1.0),08/02/21 23:00:00,A,K,T,SK,2014,16431,
ESTAT:TAI01(1.0),08/02/21 23:00:00,A,K,T,SK,2015,12789,
ESTAT:TAI01(1.0),08/02/21 23:00:00,A,K,T,SK,2016,13752,
ESTAT:TAI01(1.0),08/02/21 23:00:00,A,K,T,SK,2017,13767,
ESTAT:TAI01(1.0),08/02/21 23:00:00,A,K,T,SK,2018,14168,
ESTAT:TAI01(1.0),08/02/21 23:00:00,A,K,T,SK,2019,14168,p
ESTAT:TAI01(1.0),08/02/21 23:00:00,A,N,T,SK,2008,78000,
ESTAT:TAI01(1.0),08/02/21 23:00:00,A,N,T,SK,2009,82000,
ESTAT:TAI01(1.0),08/02/21 23:00:00,A,N,T,SK,2010,110000,
ESTAT:TAI01(1.0),08/02/21 23:00:00,A,N,T,SK,2011,120000,
ESTAT:TAI01(1.0),08/02/21 23:00:00,A,N,T,SK,2012,121000,
ESTAT:TAI01(1.0),08/02/21 23:00:00,A,N,T,SK,2013,129268,
ESTAT:TAI01(1.0),08/02/21 23:00:00,A,N,T,SK,2014,135553,
ESTAT:TAI01(1.0),08/02/21 23:00:00,A,N,T,SK,2015,126997,
ESTAT:TAI01(1.0),08/02/21 23:00:00,A,N,T,SK,2016,127927,
ESTAT:TAI01(1.0),08/02/21 23:00:00,A,N,T,SK,2017,127927,
ESTAT:TAI01(1.0),08/02/21 23:00:00,A,N,T,SK,2018,129941,
ESTAT:TAI01(1.0),08/02/21 23:00:00,A,N,T,SK,2019,129941,p
ESTAT:TAI01(1.0),08/02/21 23:00:00,A,P,T,SK,2008,6000,
ESTAT:TAI01(1.0),08/02/21 23:00:00,A,P,T,SK,2009,5000,
ESTAT:TAI01(1.0),08/02/21 23:00:00,A,P,T,SK,2010,8000,
ESTAT:TAI01(1.0),08/02/21 23:00:00,A,P,T,SK,2011,10000,
ESTAT:TAI01(1.0),08/02/21 23:00:00,A,P,T,SK,2012,10000,
ESTAT:TAI01(1.0),08/02/21 23:00:00,A,P,T,SK,2013,10796,
ESTAT:TAI01(1.0),08/02/21 23:00:00,A,P,T,SK,2014,11444,
ESTAT:TAI01(1.0),08/02/21 23:00:00,A,P,T,SK,2015,12931,
ESTAT:TAI01(1.0),08/02/21 23:00:00,A,P,T,SK,2016,12649,
ESTAT:TAI01(1.0),08/02/21 23:00:00,A,P,T,SK,2017,12649,
ESTAT:TAI01(1.0),08/02/21 23:00:00,A,P,T,SK,2018,13141,
ESTAT:TAI01(1.0),08/02/21 23:00:00,A,P,T,SK,2019,13141,p
ESTAT:TAI01(1.0),08/02/21 23:00:00,A,K,T,UK,2008,174000,
ESTAT:TAI01(1.0),08/02/21 23:00:00,A,K,T,UK,2009,208000,
ESTAT:TAI01(1.0),08/02/21 23:00:00,A,K,T,UK,2010,235000,
ESTAT:TAI01(1.0),08/02/21 23:00:00,A,K,T,UK,2011,215000,
ESTAT:TAI01(1.0),08/02/21 23:00:00,A,K,T,UK,2012,233000,
ESTAT:TAI01(1.0),08/02/21 23:00:00,A,K,T,UK,2013,231125,
ESTAT:TAI01(1.0),08/02/21 23:00:00,A,K,T,UK,2014,224650,
ESTAT:TAI01(1.0),08/02/21 23:00:00,A,K,T,UK,2015,230420,
ESTAT:TAI01(1.0),08/02/21 23:00:00,A,K,T,UK,2016,231628,
ESTAT:TAI01(1.0),08/02/21 23:00:00,A,K,T,UK,2017,218563,
ESTAT:TAI01(1.0),08/02/21 23:00:00,A,K,T,UK,2018,220722,
ESTAT:TAI01(1.0),08/02/21 23:00:00,A,K,T,UK,2019,213638,p
ESTAT:TAI01(1.0),08/02/21 23:00:00,A,N,T,UK,2008,914000,
ESTAT:TAI01(1.0),08/02/21 23:00:00,A,N,T,UK,2009,1015000,
ESTAT:TAI01(1.0),08/02/21 23:00:00,A,N,T,UK,2010,1021000,
ESTAT:TAI01(1.0),08/02/21 23:00:00,A,N,T,UK,2011,1000000,
ESTAT:TAI01(1.0),08/02/21 23:00:00,A,N,T,UK,2012,951000,
ESTAT:TAI01(1.0),08/02/21 23:00:00,A,N,T,UK,2013,1056861,
ESTAT:TAI01(1.0),08/02/21 23:00:00,A,N,T,UK,2014,1048688,
ESTAT:TAI01(1.0),08/02/21 23:00:00,A,N,T,UK,2015,1023642,
ESTAT:TAI01(1.0),08/02/21 23:00:00,A,N,T,UK,2016,1035001,
ESTAT:TAI01(1.0),08/02/21 23:00:00,A,N,T,UK,2017,1030775,
ESTAT:TAI01(1.0),08/02/21 23:00:00,A,N,T,UK,2018,1036922,
ESTAT:TAI01(1.0),08/02/21 23:00:00,A,N,T,UK,2019,962415,p
ESTAT:TAI01(1.0),08/02/21 23:00:00,A,P,T,UK,2008,57000,
ESTAT:TAI01(1.0),08/02/21 23:00:00,A,P,T,UK,2009,82000,
ESTAT:TAI01(1.0),08/02/21 23:00:00,A,P,T,UK,2010,84000,
ESTAT:TAI01(1.0),08/02/21 23:00:00,A,P,T,UK,2011,82000,
ESTAT:TAI01(1.0),08/02/21 23:00:00,A,P,T,UK,2012,87000,
ESTAT:TAI01(1.0),08/02/21 23:00:00,A,P,T,UK,2013,87280,
ESTAT:TAI01(1.0),08/02/21 23:00:00,A,P,T,UK,2014,85057,
ESTAT:TAI01(1.0),08/02/21 23:00:00,A,P,T,UK,2015,86430,
ESTAT:TAI01(1.0),08/02/21 23:00:00,A,P,T,UK,2016,85470,
ESTAT:TAI01(1.0),08/02/21 23:00:00,A,P,T,UK,2017,82321,
ESTAT:TAI01(1.0),08/02/21 23:00:00,A,P,T,UK,2018,81120,
ESTAT:TAI01(1.0),08/02/21 23:00:00,A,P,T,UK,2019,78033,p
